id,priority,group,variable,definition,calculation,source_system,windows,data_type,considerations,alert_threshold,predictive_strength,feasibility,detailed_logic,applies_to,build_step,status
1,P1,Balances & AUM,aum_outflow,"Money the client moves out of investment accounts by their own decision, excluding market gains or losses.","Money out of investment accounts − money in, last 90d (0 if negative)",Wealth / custody,"30d, 90d",Amount ($) and %,"Exclude transfers between accounts of the same household, bank fees, tax withholdings and RMDs (scheduled required minimum distributions).",aum_outflow_pct_90d > 10%,High,Medium,"aum_outflow_W = max(0, Σ investment outflows − Σ contributions) over (t−W, t].
Outflows = cash withdrawals, outgoing cash or securities transfers (incl. ACATS) and distributions paid outside the bank.
Contributions = deposits, incoming transfers and reinvestments.
Relative version: aum_outflow_pct_W = aum_outflow_W ÷ average daily AUM over the same window.",has_investments,1,validated
2,P1,Balances & AUM,deposit_balance_change_pct,How much the money the client keeps in deposits went up or down versus the prior period of the same length.,Avg deposit balance (last 90d) ÷ avg deposit balance (prior 90d) − 1,Core banking,"30d, 90d, 180d",% (fraction),"If the prior-period balance is below the minimum (e.g. $10,000) → null, to avoid extreme %. Exclude internal transfers between household accounts.",≤ −25% over 90d,High,High,"= (average daily deposit balance over (t−W, t] ÷ average daily deposit balance over (t−2W, t−W]) − 1.
Deposits = checking, savings, money market and CDs, summed at household level.",all,1,validated
3,P1,Recurring deposits & flows,salary_deposit_stopped_flag,The client stopped receiving their payroll at Citizens. It usually means they moved their primary bank.,1 if a regular payroll deposit has not arrived in the last 45 days,Core banking (ACH),45d,Binary,"Exclude reported retirement, death and known leaves. For monthly payroll, use 1.5× the usual interval instead of a fixed 45d.",= 1,Very high,Medium,"1) Identify payroll: ACH credits with payroll code (SEC PPD / description such as PAYROLL or DIR DEP) from the same originator, with ≥3 occurrences in 6m and regular periodicity (coefficient of variation of intervals < 0.25).
2) Flag = 1 if the pattern existed as of t−45d and there is no credit from that originator in (t−45d, t].
3) If a new payroll arrives for ≥50% of the prior amount (job change) → Flag = 0.",has_payroll_stream,2,pending
4,P1,Recurring deposits & flows,recurring_deposit_stopped_flag,"A significant recurring income stream stopped arriving (payroll, pension, dividends, trust distributions, rental income).","1 if any regular income (payroll, pension, dividends, trust distributions) has not arrived in the last 45 days",Core banking + custody,45d or 1.5× interval,Binary,"Quarterly streams (dividends) need a 1.5 × 90d window. Also store the type of stream that stopped, to explain the alert.",= 1,High,Medium,"1) Identify each recurring stream by originator, with ≥3 occurrences in 12m and regular periodicity.
2) Keep only streams representing ≥10% of total recurring income.
3) Flag = 1 if any of them does not arrive within 1.5× its usual interval (minimum 45d).",has_any_recurring_stream,2,pending
5,P1,Recurring deposits & flows,recurring_deposit_change_pct,"How much the client's recurring income fell versus its normal level, even if it did not stop completely.",Recurring deposits (last 30d) ÷ monthly average of the prior 6 months − 1,Core banking,30d vs. 6m baseline,% (fraction),Null if no recurring streams are identified. Deck rule.,≤ −40%,High,Medium,"= Σ recurring deposits over (t−30d, t] ÷ average monthly recurring deposits over (t−210d, t−30d] − 1.
Quarterly streams are converted to a monthly amount (amount ÷ 3) to avoid false drops.",has_any_recurring_stream,2,pending
6,P1,Recurring deposits & flows,net_deposit_flow,Net balance of money entering and leaving the client's deposits. Negative = the client is taking out more than they put in.,"Money into deposits − money out of deposits, last 90d",Core banking,"30d, 90d",Amount ($) and %,Exclude internal transfers between accounts of the same household (including deposit ↔ investment). Partially overlaps with net_external_flow.,pct_90d ≤ −15%,High,High,"= Σ credits − Σ debits on deposit accounts over (t−W, t], at household level.
Relative version: net_deposit_flow_pct = net_deposit_flow ÷ average daily balance of the window.",all,2,pending
7,P1,Transfers,external_transfer_pct_of_balance,Share of the client's money sent to other institutions. The most direct signal that the client is moving the relationship.,Money sent to other institutions (last 60d) ÷ average balance,Core banking + payments,"30d, 60d",% (fraction),"Exclude payments to merchants and billers, taxes (IRS / state), loan payments to Citizens and identified recurring donations. Deck rule.",> 15% over 60d,Very high,High,"= Σ outgoing external transfers over (t−60d, t] ÷ average daily balance (deposits + cash in investment accounts) over the same window.
External transfer = outgoing wire, client-originated ACH to an external account, or transfer to the client's own account at another bank.",all,3,pending
8,P1,Transfers,new_external_destinations,Number of new external accounts the client started sending money to. Opening new destinations is often the first step in moving.,Number of external accounts that received money for the first time in the last 30d,Core banking + payments,"30d, 90d",Integer,"Count only destinations receiving ≥ a minimum amount (e.g. $10,000 cumulative) to exclude small payments.",≥ 1 in 30d,High,High,"= number of distinct destinations (routing + account, or wire beneficiary) that received funds over (t−W, t] and do not appear in the 12 months before the window.",all,3,pending
9,P1,Investments,investment_redemption_pct,Share of their investments the client sold without reinvesting.,"(Sales − purchases, last 90d) ÷ average AUM",Wealth / custody,90d,% (fraction),"Exclude RMDs, agreed scheduled withdrawals and advisor-driven rebalancing sales.",> 20%,High,Medium,"= max(0, Σ sales and redemptions − Σ purchases) over (t−90d, t] ÷ average daily AUM of the window.
Net selling is measured, so a rebalance (sell and repurchase) does not count.",has_investments,4,pending
10,P1,Relationship & closures,products_closed,Number of products the client closed. Closing products is a visible contraction of the relationship.,Number of products closed in the last 90d,Core banking + wealth,"90d, 180d",Integer,"Exclude renewed natural maturities (renewed CD), loans paid at term and product conversions or upgrades.",≥ 1,Very high,High,"= number of distinct products (by product code) with close date over (t−W, t], at household level.",all,5,pending
11,P1,Banker,banker_change_6m_flag,The client's banker changed in the last 6 months. Advisor change is one of the strongest leading indicators of asset flight.,1 if the primary banker changed in the last 6 months,CRM,6m,Binary,"Exclude temporary coverage (< 30 days, vacations or leaves).",= 1,Very high,High,"= 1 if the primary assigned banker_id changed over (t−6m, t].
The reason is also stored: banker departure, book rebalancing or client request.",all,6,pending
12,P1,Banker,contact_gap_ratio,"How long the client has gone without meaningful contact, relative to the contact frequency agreed for them.",Days since last meaningful contact ÷ agreed contact frequency (days),CRM + telephony,At snapshot,Continuous (ratio),"Exclude automated messages, marketing campaigns and mass mailings. Deck rule.",> 2.0,High,Medium,"= days since last meaningful contact ÷ agreed cadence in days.
Meaningful contact = meeting, call ≥ 5 min, or banker message with a client reply.
Cadence per service model (e.g. UHNW 30d, HNW 90d) or as agreed with the client.",all,6,pending
13,P1,Banker,client_reply_rate,How much the client responds when the banker reaches out. A client who stops answering is pulling away.,"Banker contacts answered by the client ÷ banker contacts, last 90d",CRM + telephony + email,90d,% (fraction),Exclude mass mailings. Null if there were fewer than 3 banker contacts in the window (insufficient sample).,< 50%,High,Medium,"= number of banker contacts (message, email, call) with a client reply within ≤ 7 days ÷ total banker contacts over (t−90d, t].",all,6,pending
14,P1,Complaints & voice of client,complaint_escalated_flag,"The client escalated a complaint to management, the ombudsman or a regulator. It signals a breakdown of trust.",1 if any complaint was escalated to management or a regulator in the last 12 months,Complaints system,12m,Binary,Standardize the escalation-level taxonomy across systems.,= 1,High,High,"= 1 if any complaint over (t−12m, t] has an escalation level ≥ management / ombudsman, or was filed with a regulator (CFPB, OCC, state AG) or through legal channels.",all,7,pending
15,P1,Complaints & voice of client,complaint_age_days,How many days the client's oldest open complaint has been open. An unresolved complaint erodes the relationship every day.,Days the oldest open complaint has been open,Complaints system,At snapshot,Integer (days),"Complemented by the out-of-SLA binary version, which the deck uses as an override.",> 30 days or out of SLA,High,High,"= t − open date of the oldest open complaint.
0 if there are no open complaints (paired with open_complaint_flag to distinguish).",all,7,pending
16,P1,External & composite,multi_signal_flag,Several signals from different areas lit up at the same time. A single signal can be noise; several aligned indicate real deterioration.,1 if 3 or more groups have an active alert in the last 30d,Derived,30d,Binary and integer,"Uses the thresholds in the 'Alert threshold' column; recalculated if thresholds are recalibrated. In ML use the count; in scoring, the binary version.",≥ 3 groups,High,Medium,"= 1 if over (t−30d, t] at least 3 of the 7 groups have any variable above its alert threshold:
Balances & AUM · Recurring deposits & flows · Transfers · Investments · Relationship & closures · Banker · Complaints & voice of client.
Continuous version: number of active groups (0–7).",all,8,pending
17,P2,Balances & AUM,aum_vs_baseline_pct,"How far today's AUM is from the client's own usual level, removing market effect. Compares the client against themselves, not against others.",Current AUM (ex-market) ÷ average AUM (ex-market) of the prior 6 months − 1,Wealth / custody / performance,6m baseline,% (fraction),"Dividing by the TWR index removes market effect, so the variable only moves with client flows. Null if less than 6m of history.",≤ −20%,High,Medium,"1) Ex-market AUM: AUMx_d = AUM_d ÷ TWR_Index_d, where TWR_Index is the cumulative time-weighted return of the client's own portfolio, based at 1.0 at the start of the 12m window.
2) aum_vs_baseline_pct = AUMx_t ÷ average(daily AUMx over (t−210d, t−30d]) − 1.",has_investments & history_months>=6,1,validated
18,P2,Balances & AUM,deposit_balance_vs_6m_avg_pct,Deposit balance over the last month versus the client's own average of the prior 6 months.,Avg deposit balance (last 30d) ÷ avg deposit balance (prior 6 months) − 1,Core banking,30d vs. 6m baseline,% (fraction),Overlaps with deposit_balance_change_pct: test both and keep the one with higher IV. Same minimum-denominator rule.,≤ −30%,High,High,"= average daily deposit balance over (t−30d, t] ÷ average daily deposit balance over (t−210d, t−30d] − 1.",all,1,validated
19,P2,Recurring deposits & flows,pension_deposit_stopped_flag,"The client stopped receiving their pension, Social Security or annuity at Citizens.",1 if a regular pension / Social Security deposit has not arrived in the last 45 days,Core banking (ACH),45d or 1.5× interval,Binary,"Death of the account holder is an exclusion, not churn. Subtype of recurring_deposit_stopped_flag: in the scorecard use the aggregate or the subtypes, not both.",= 1,High,Medium,"Same algorithm as salary_deposit_stopped_flag, applied to pension originators: SSA / U.S. Treasury, pension plans and annuity insurers.
Flag = 1 if the deposit does not arrive within 1.5× its usual interval (minimum 45d).",has_pension_stream,2,pending
20,P2,Recurring deposits & flows,business_payroll_stopped_flag,The client's business stopped running its payroll from Citizens; usually means it moved its operations to another bank.,1 if the client's linked business has not run payroll from Citizens in the last 60 days,Core banking / commercial + household graph,1.5× interval (≈ 60d),Binary,"Only applies to households with a linked business; for others it is null, not zero. Exclude known sale or closure of the company (liquidity event).",= 1,High,Medium,"1) For each business entity linked to the household, identify recurring payroll debits: ACH batches (PPD/CCD) to multiple beneficiaries, or debits from the payroll provider (ADP, Paychex, Gusto…).
2) Flag = 1 if the expected cycle does not occur within 1.5× its usual interval.",has_linked_business,2,pending
21,P2,Transfers,transfer_to_competitor_bank_amount,Amount the client sent specifically to competing banks.,"Money sent to competitor banks, last 90d",Core banking + catalog,90d,Amount ($) and %,"Requires building and maintaining the routing-number catalog (private banks, regional banks, digital banks). Brokers and wealth managers go in a separate catalog.",> 10% of balance,High,Medium,"= Σ outgoing external transfers over (t−90d, t] whose destination ABA routing number or SWIFT belongs to the competitor-bank catalog.
Relative version: ÷ average balance of the window.",all,3,pending
22,P2,Transfers,external_transfer_acceleration,Whether the pace at which the client takes money out is speeding up month over month. Detects flight before the amount becomes large.,External outflows (last 30d) ÷ external outflows (prior 30d) − 1,Core banking,3 blocks of 30d,Continuous,Null if there are no outflows in the three blocks. Combine with a minimum amount to avoid noise from small amounts.,> 0 and A1 > 5% of balance,High,High,"With A1 = external outflows over (t−30d, t], A2 = over (t−60d, t−30d] and A3 = over (t−90d, t−60d]:
acceleration = [(A1 − A2) − (A2 − A3)] ÷ 90d average balance.
Positive = outflows are growing faster and faster.",all,3,pending
23,P2,Transfers,net_external_flow,Net balance of money coming in from and going out to other institutions.,"Money in from other institutions − money out to other institutions, last 90d",Core banking + payments,"30d, 90d",Amount ($) and %,Same exclusions as external_transfer_pct_of_balance. Negative and persistent = relationship being emptied.,pct_90d ≤ −15%,High,High,"= Σ incoming external transfers − Σ outgoing external transfers over (t−W, t].
Relative version: ÷ average balance of the window.",all,3,pending
24,P2,Transfers,external_destination_concentration,Whether the client's outflows go almost entirely to a single institution (a move) or are spread out (normal spending).,"% of external outflows that went to the single top destination institution, last 90d",Core banking + payments,90d,Continuous (0–1),Null if there are no external outflows. Read together with the amount: high HHI with a small amount is not relevant.,> 0.7 with outflows > 10% of balance,High,Medium,"Herfindahl index of external outflows by destination institution over (t−90d, t]:
HHI = Σ sᵢ², where sᵢ = amount sent to institution i ÷ total sent.
Range 0–1; 1 = everything to a single institution.",all,3,pending
25,P2,Transfers,outflow_vs_baseline_pct,How much the client is taking out this month versus what they normally take out.,External outflows (last 30d) ÷ monthly average of the prior 6 months − 1,Core banking,30d vs. 6m baseline,% (fraction),"If the baseline is below a floor (e.g. $1,000/month), use the floor as denominator. Overlaps with external_transfer_pct_of_balance.",> +100%,High,High,"= external outflows over (t−30d, t] ÷ average monthly external outflows over (t−210d, t−30d] − 1.",all,3,pending
26,P2,Investments,fixed_income_maturity_not_reinvested,Bonds or instruments that matured and whose money the client did not reinvest at Citizens.,"Matured bond principal not reinvested within 30 days ÷ total matured principal, last 90d",Wealth / custody,90d,% (fraction) and amount,"If the money stays as cash in the account, it counts as not reinvested but without outflow: combine with cash_pct_of_portfolio_chg and aum_outflow.",> 50% and material amount,High,Medium,"= 1 − (Σ purchases of any asset within 30d after each maturity ÷ Σ principal matured or called), for maturities over (t−90d, t].
The non-reinvested amount is also stored.",has_investments & had_maturities_90d,4,pending
27,P2,Investments,cash_pct_of_portfolio_chg,How much the share of the portfolio held in cash increased. Selling to cash is often the step before transferring.,Cash % of portfolio today − cash % of portfolio 6 months ago,Wealth / custody,6m baseline,Percentage points,An increase can be a defensive strategy recommended by the banker: cross-check with advisor orders.,> +10 pp,High,High,"= cash % at t − average cash % over (t−210d, t−30d], in percentage points.
Cash % = (cash + sweep + money market) ÷ total AUM.",has_investments,4,pending
28,P2,Investments,return_vs_benchmark,Whether the client's portfolio underperformed its benchmark. Poor performance is a frequent reason for leaving.,"Portfolio return − benchmark return, last 12 months",Performance system,"6m, 12m",Percentage points,"Use the client's profile benchmark, not a general index. Null if the client has no advisory accounts.",≤ −3 pp over 12m,High,Medium,"= time-weighted portfolio return, net of fees, over (t−W, t] − return of the benchmark assigned per the client's profile or IPS over the same period.",has_advisory,4,pending
29,P2,Relationship & closures,accounts_closed,Number of accounts the client closed.,Number of accounts closed in the last 90d,Core banking + wealth,"90d, 180d",Integer,Exclude internal consolidations: closed account whose balance moved to another account of the same household within ≤ 5 days. Overlaps with products_closed.,≥ 1,High,High,"= number of accounts with close date over (t−W, t], at household level.",all,5,pending
30,P2,Relationship & closures,share_of_wallet,Share of the client's total wealth held at Citizens. A client with a small share can leave more easily.,(AUM + deposits at Citizens) ÷ client's estimated total wealth,Derived (CRM + vendor),Current,% (fraction),Store a column with the estimate source: quality varies greatly across clients.,< 30%,High,Medium,"= (AUM + deposits at Citizens) ÷ estimated total investable wealth, capped at 1.
Total wealth by priority: 1) declared in planning or KYC; 2) wealth-screening vendor estimate; 3) model estimate.",all,5,pending
31,P2,Relationship & closures,share_of_wallet_change,Whether Citizens is gaining or losing share of the client's wealth.,Share of wallet today − share of wallet 6 months ago,Derived,6m,Percentage points,"Use the same total wealth at both points when there is no update; otherwise the change reflects the new estimate, not a client move.",≤ −10 pp,High,Medium,"= share_of_wallet_t − share_of_wallet_(t−6m), in percentage points.",all,5,pending
32,P2,Relationship & closures,trustee_change_flag,"The person or firm administering the client's trust changed, especially from Citizens to an external trustee. It means losing control of the asset.","1 if Citizens stopped being trustee, or an external trustee was added, in the last 12 months",Trust system,12m,Binary,"Only applies to households with trusts; for others it is null. A successor trustee due to death is an exclusion, not churn.",= 1,High,Medium,"= 1 if over (t−12m, t] in the trust role table: Citizens stops being trustee, an external co-trustee or successor trustee is appointed, or an amendment notice changing administration is received.",has_trust,5,pending
33,P2,Complaints & voice of client,repeat_complaint_flag,The client complained more than once about the same issue: the problem was not fixed at the root.,1 if 2 or more complaints of the same type in the last 12 months,Complaints system,12m,Binary,Depends on the quality of complaint categorization.,= 1,High,Medium,"= 1 if over (t−12m, t] there are ≥ 2 complaints of the same category (level 2 of the taxonomy) or any complaint was reopened.",all,7,pending
34,P3,Investments,positions_liquidated_pct,Share of the portfolio in positions the client sold completely and did not replace.,Value of positions fully sold (last 90d) ÷ portfolio value 90 days ago,Wealth / custody,90d,% (fraction),Overlaps with investment_redemption_pct: test both. Exclude fixed-income maturities (they have their own variable).,> 15%,High,Medium,"= Σ market value at the start of the window of positions that reached zero over (t−90d, t] and were not replaced by another position of the same asset class ÷ total portfolio value at the start of the window.",has_investments,4,pending
35,P3,Banker,meetings_cancelled_by_client,Meetings the client cancelled or postponed. Avoiding the banker is an active form of pulling away.,"Number of meetings cancelled by the client, last 6 months",CRM,6m,Integer and %,"Requires CRM to record who cancelled. If that field does not exist, the variable must be built going forward.","≥ 2, or ≥ 50% of scheduled",High,Low,"= number of CRM meetings with status cancelled or rescheduled at the client's initiative over (t−6m, t].
Relative version: ÷ meetings scheduled in the window.",all,6,pending
36,P3,Complaints & voice of client,relationship_dissatisfaction_flag,The client explicitly expressed dissatisfaction with the relationship in conversations with the assistant or the banker.,1 if the Assistant detected dissatisfaction (confirmed by a person) in the last 30d,Client Assistant / NLP,30d,Binary,"No history until the Assistant is in production. A version based on CRM notes could exist earlier, with lower precision.",= 1,High,Low,"= 1 if over (t−30d, t] the Client Assistant NLP classifier (or banker-note NLP) detected dissatisfaction with the relationship with confidence ≥ threshold, and a human confirmed it.",all,7,pending
37,P3,External & composite,bureau_new_mortgage_elsewhere,The client opened a mortgage or HELOC with another institution. It often pulls deposits and other products with it.,1 if the credit bureau shows a new mortgage with another lender in the last 6 months,Credit bureau,6m,Binary,Requires permissible purpose under FCRA (e.g. existing-account review) and legal validation before use.,= 1,High,Low,"= 1 if the credit bureau report shows a mortgage or HELOC tradeline with open date over (t−6m, t] and a creditor other than Citizens.",all,8,pending
