rango,hogares,% hogares,eventos,tasa observada %,captura acumulada % (desde el peor score)
430–449,16,0.9070294784580499,4,25.0,3.7735849056603774
450–469,8,0.45351473922902497,4,50.0,7.547169811320755
470–489,21,1.1904761904761905,3,14.285714285714286,10.377358490566039
490–509,6,0.3401360544217687,3,50.0,13.20754716981132
510–529,33,1.870748299319728,8,24.242424242424242,20.754716981132077
530–549,86,4.875283446712018,14,16.27906976744186,33.9622641509434
550–569,73,4.138321995464852,3,4.109589041095891,36.79245283018868
570–589,64,3.6281179138321997,5,7.8125,41.509433962264154
590–609,142,8.049886621315192,8,5.633802816901408,49.056603773584904
610–629,645,36.564625850340136,36,5.5813953488372094,83.01886792452831
630–649,152,8.616780045351474,6,3.9473684210526314,88.67924528301887
650–669,173,9.807256235827664,5,2.8901734104046244,93.39622641509433
670–689,220,12.471655328798185,5,2.272727272727273,98.11320754716981
690–709,125,7.086167800453515,2,1.6,100.0
