target,segmento,hogares,eventos,churn hogares %,IC95 hogares,RV total $M,RV con evento $M,churn valor (i) %,IC95 (i),value_lost $M,churn valor (ii) %,IC95 (ii),brecha valor(i) − hogares pp
hard 6m,Total,19877,1200,6.0371,"[5.67, 6.38]",206273.6854,13322.9883,6.4589,"[5.56, 7.38]",13322.9883,6.4589,"[5.56, 7.38]",0.4218
hard 6m,HNW,18782,1120,5.9632,"[5.64, 6.30]",125883.0401,7557.0836,6.0033,"[5.60, 6.46]",7557.0836,6.0033,"[5.60, 6.46]",0.0401
hard 6m,UHNW,1095,80,7.3059,"[5.84, 8.77]",80390.6453,5765.9047,7.1724,"[5.07, 9.61]",5765.9047,7.1724,"[5.07, 9.61]",-0.1336
soft 3m,Total,19877,1756,8.8343,"[8.44, 9.23]",206273.6854,19894.9035,9.6449,"[8.51, 10.91]",7962.607,3.8602,"[3.42, 4.38]",0.8106
soft 3m,HNW,18782,1651,8.7903,"[8.40, 9.19]",125883.0401,11272.2982,8.9546,"[8.41, 9.53]",4447.2434,3.5328,"[3.29, 3.76]",0.1642
soft 3m,UHNW,1095,105,9.589,"[7.85, 11.51]",80390.6453,8622.6053,10.7259,"[7.90, 14.16]",3515.3637,4.3729,"[3.16, 5.76]",1.1368
unión,Total,19877,2956,14.8715,"[14.37, 15.39]",206273.6854,33217.8918,16.1038,"[14.58, 17.61]",21285.5954,10.3191,"[9.33, 11.30]",1.2323
unión,HNW,18782,2771,14.7535,"[14.28, 15.26]",125883.0401,18829.3818,14.9578,"[14.28, 15.63]",12004.3269,9.5361,"[9.08, 10.01]",0.2044
unión,UHNW,1095,185,16.895,"[14.84, 19.13]",80390.6453,14388.51,17.8982,"[14.65, 21.80]",9281.2684,11.5452,"[9.29, 14.30]",1.0033
