modelo,variable,etiqueta,bin,rango legible,WoE,β,puntos (exacto),puntos,neutral,pérdida vs neutral
A-lite,segment,segmento,"[-inf, 0.5)",HNW,0.0132,2.2083,121.852,122,120.176,-1.676
A-lite,segment,segmento,"[0.5, inf)",UHNW,-0.205,2.2083,94.0534,94,120.176,26.1226
A-lite,banker_change_6m_flag,cambió de banquero (6m),"[-inf, 0.5)",no,0.4263,0.7407,138.3964,138,120.176,-18.2204
A-lite,banker_change_6m_flag,cambió de banquero (6m),"[0.5, inf)",sí,-1.1903,0.7407,69.2993,69,120.176,50.8767
A-lite,banker_change_6m_flag,cambió de banquero (6m),sin_dato,sin dato,0.0,0.7407,120.176,120,120.176,0.0
A-lite,client_reply_rate,tasa de respuesta al banquero,"[-inf, 0.345238)",< 34.5%,-0.0891,0.7959,116.0839,116,120.176,4.0921
A-lite,client_reply_rate,tasa de respuesta al banquero,"[0.345238, 0.547727)",34.5% a < 54.8%,0.2571,0.7959,131.9834,132,120.176,-11.8074
A-lite,client_reply_rate,tasa de respuesta al banquero,"[0.547727, 0.66895)",54.8% a < 66.9%,0.7237,0.7959,153.4158,153,120.176,-33.2398
A-lite,client_reply_rate,tasa de respuesta al banquero,"[0.66895, inf)",≥ 66.9%,1.1245,0.7959,171.8269,172,120.176,-51.6509
A-lite,client_reply_rate,tasa de respuesta al banquero,sin_dato,sin dato,-0.392,0.7959,102.1685,102,120.176,18.0075
A-lite,external_transfer_pct_of_balance_60d,transferencias externas / saldo (60d),"[-inf, 0.0150061)",< 1.5%,0.3187,0.5733,130.7216,131,120.176,-10.5456
A-lite,external_transfer_pct_of_balance_60d,transferencias externas / saldo (60d),"[0.0150061, 0.0796852)",1.5% a < 8.0%,0.0665,0.5733,122.376,122,120.176,-2.2
A-lite,external_transfer_pct_of_balance_60d,transferencias externas / saldo (60d),"[0.0796852, inf)",≥ 8.0%,-1.6178,0.5733,66.6475,67,120.176,53.5286
A-lite,external_transfer_pct_of_balance_60d,transferencias externas / saldo (60d),sin_dato,sin dato,0.0,0.5733,120.176,120,120.176,0.0
A-lite,share_of_wallet,share of wallet,"[-inf, 0.123631)",< 12.4%,-1.2521,0.4272,89.3053,89,120.176,30.8707
A-lite,share_of_wallet,share of wallet,"[0.123631, 0.183927)",12.4% a < 18.4%,-0.8285,0.4272,99.7484,100,120.176,20.4276
A-lite,share_of_wallet,share of wallet,"[0.183927, 0.236721)",18.4% a < 23.7%,-0.1527,0.4272,116.4115,116,120.176,3.7645
A-lite,share_of_wallet,share of wallet,"[0.236721, 0.437337)",23.7% a < 43.7%,0.0096,0.4272,120.4116,120,120.176,-0.2356
A-lite,share_of_wallet,share of wallet,"[0.437337, 0.55538)",43.7% a < 55.5%,0.2813,0.4272,127.1119,127,120.176,-6.9359
A-lite,share_of_wallet,share of wallet,"[0.55538, 0.90925)",55.5% a < 90.9%,0.4656,0.4272,131.6562,132,120.176,-11.4802
A-lite,share_of_wallet,share of wallet,"[0.90925, inf)",≥ 90.9%,0.6189,0.4272,135.4362,135,120.176,-15.2602
