objeto,tipo,PSI,clase
external_transfer_pct_of_balance_60d,variable del modelo A,0.00111,estable
contact_gap_ratio,variable del modelo A,0.00104,estable
share_of_wallet,variable del modelo A,0.00091,estable
return_vs_benchmark,variable del modelo A,0.0009,estable
investment_redemption_pct,variable del modelo A,0.00089,estable
recurring_deposit_change_pct,variable del modelo A,0.00059,estable
client_reply_rate,variable del modelo A,0.00033,estable
products_closed_180d,variable del modelo A,0.0003,estable
banker_change_6m_flag,variable del modelo A,0.0001,estable
repeat_complaint_flag,variable del modelo A,0.0,estable
segment,variable del modelo A,0.0,estable
score A,score,0.00303,estable
score A-lite,score,0.00125,estable
deposit_balance_vs_6m_avg_pct,candidata (IV ≥ 0.02),0.00307,estable
transfer_to_competitor_pct_90d,candidata (IV ≥ 0.02),0.00283,estable
external_destination_concentration,candidata (IV ≥ 0.02),0.00223,estable
transfer_to_competitor_bank_amount_90d,candidata (IV ≥ 0.02),0.00214,estable
net_deposit_flow_pct_90d,candidata (IV ≥ 0.02),0.00188,estable
deposit_balance_change_pct_90d,candidata (IV ≥ 0.02),0.00179,estable
aum_outflow_to_rv_90d,candidata (IV ≥ 0.02),0.00164,estable
share_of_wallet_change,candidata (IV ≥ 0.02),0.0014,estable
aum_vs_baseline_pct,candidata (IV ≥ 0.02),0.00132,estable
net_external_flow_pct_90d,candidata (IV ≥ 0.02),0.00129,estable
external_transfer_acceleration,candidata (IV ≥ 0.02),0.00122,estable
tenure_years,candidata (IV ≥ 0.02),0.00112,estable
new_external_destinations_90d,candidata (IV ≥ 0.02),0.001,estable
trustee_change_flag,candidata (IV ≥ 0.02),0.00098,estable
aum_outflow_pct_90d,candidata (IV ≥ 0.02),0.0009,estable
business_payroll_stopped_flag,candidata (IV ≥ 0.02),0.00083,estable
accounts_closed_90d,candidata (IV ≥ 0.02),0.0008,estable
complaint_age_days,candidata (IV ≥ 0.02),0.00055,estable
bureau_new_mortgage_elsewhere,candidata (IV ≥ 0.02),0.00043,estable
aum_outflow_90d,candidata (IV ≥ 0.02),0.0004,estable
positions_liquidated_pct,candidata (IV ≥ 0.02),0.00028,estable
cash_pct_of_portfolio_chg,candidata (IV ≥ 0.02),0.00023,estable
recurring_deposit_stopped_flag,candidata (IV ≥ 0.02),0.00021,estable
outflow_vs_baseline_pct,candidata (IV ≥ 0.02),0.00019,estable
fixed_income_maturity_not_reinvested,candidata (IV ≥ 0.02),0.00014,estable
meetings_cancelled_by_client,candidata (IV ≥ 0.02),0.00011,estable
salary_deposit_stopped_flag,candidata (IV ≥ 0.02),8e-05,estable
complaint_escalated_flag,candidata (IV ≥ 0.02),1e-05,estable
