variable,restricción,violaciones ICE,violaciones PDP
banker_change_6m_flag,1,0,0
client_reply_rate,-1,0,0
multi_signal_count,1,0,0
share_of_wallet,-1,0,0
fixed_income_maturity_not_reinvested,1,0,0
transfer_to_competitor_bank_amount_90d,1,0,0
recurring_deposit_change_pct,-1,0,0
contact_gap_ratio,1,0,0
cash_pct_of_portfolio_chg,1,0,0
repeat_complaint_flag,1,0,0
streams_stopped_count,1,0,0
net_external_flow_pct_90d,-1,0,0
meetings_cancelled_by_client,1,0,0
complaint_escalated_flag,1,0,0
share_of_wallet_change,-1,0,0
business_payroll_stopped_flag,1,0,0
