variable,compuesto,mediana evento,p25–p75 evento,mediana no evento,p25–p75 no evento,% missing evento,% missing no evento,δ Cliff,RR,IC95 RR,AUC univariada,IV preliminar,signo esperado,signo observado,evaluación,candidata (IV ≥ 0.02 o RR sig.),sospecha de fuga (AUC > 0.85 o IV > 0.50)
multi_signal_count,True,3.0,1 – 5,1.0,1 – 2,0.0,0.0,0.38888577919002687,,,0.6944428895950134,0.6647100814600346,+,+,coincide,True,True
banker_change_6m_flag,False,0.0,0 – 1,0.0,0 – 0,0.0,0.0,0.28374803874052223,4.076524503914827,"[3.58, 4.65]",0.6418740193702611,0.4391001350505393,+,+,coincide,True,False
multi_signal_flag,True,1.0,0 – 1,0.0,0 – 0,0.0,0.0,0.2981976949553531,3.441936939790946,"[3.02, 3.93]",0.6490988474776767,0.3985899150448994,+,+,coincide,True,False
products_closed_180d,False,0.0,0 – 1,0.0,0 – 0,0.0,0.0,0.17637590005882098,3.197048428335088,"[2.76, 3.70]",0.5881879500294105,0.3352281397839407,+,+,coincide,True,False
external_transfer_pct_of_balance_60d,False,0.011363,0.006094 – 0.1895,0.008488825,0.005079 – 0.01432,0.0,0.0,0.21780205592911206,,,0.6089010279645561,0.3247386607283921,+,+,coincide,True,False
aum_vs_baseline_pct,False,-0.00771599,-0.2003 – 0.003258,-0.00143273,-0.01233 – 0.007259,12.48470012239902,14.367098486030905,-0.2203747405424249,,,0.5978880772044193,0.3023287653576682,−,−,coincide,True,False
transfer_to_competitor_bank_amount_90d,False,24482.92,4520 – 2.957e+05,12621.255000000001,2797 – 3.884e+04,0.0,0.0,0.21420716975141363,,,0.6071035848757068,0.2954347888632412,+,+,coincide,True,False
transfer_to_competitor_pct_90d,False,0.0101207,0.003747 – 0.1038,0.0070367350000000006,0.002685 – 0.01353,0.0,0.0,0.20178262797403157,,,0.6008913139870159,0.28602105046995174,+,+,coincide,True,False
share_of_wallet,False,0.32925634,0.1655 – 0.5269,0.46719371,0.2969 – 0.669,0.0,0.0,-0.28525753751204264,,,0.6426287687560213,0.28331541746033345,−,−,coincide,True,False
net_external_flow_pct_90d,False,0.04361137,-0.04524 – 0.1368,0.083300055,0.01308 – 0.1727,0.0,0.0,-0.2089505263043271,,,0.6044752631521636,0.2824353822854948,−,−,coincide,True,False
deposit_balance_vs_6m_avg_pct,False,-0.09470721,-0.3622 – 0.06267,-0.01612486,-0.145 – 0.1195,0.0,0.03901982206961136,-0.23422819003582718,,,0.617116395985954,0.281497322421154,−,−,coincide,True,False
streams_stopped_count,False,0.0,0 – 0,0.0,0 – 0,0.0,0.0,0.15068700677177782,4.297122271667726,"[3.67, 5.03]",0.5753435033858889,0.2779438234470382,+,+,coincide,True,False
new_external_destinations_90d,False,0.0,0 – 0,0.0,0 – 0,1.7135862913096693,1.4827532386452318,0.16247640344272973,4.188776735657503,"[3.59, 4.88]",0.5797775784174248,0.27006160562843085,+,+,coincide,True,False
client_reply_rate,False,0.5,0.3333 – 0.6667,0.66666667,0.5 – 0.7647,68.66585067319461,47.00327766505385,-0.19828460922544544,,,0.5299855153835529,0.2656090715771988,−,−,coincide,True,False
external_transfer_acceleration,False,0.00102694,-0.003825 – 0.01119,0.00034852500000000003,-0.00353 – 0.004458,0.0,0.0,0.08439008436114181,,,0.542195042180571,0.25475477436327354,+,+,sin evidencia / sin hipótesis,True,False
net_deposit_flow_pct_90d_peer,False,-0.081168715,-0.4193 – 0.08627,0.0034297450000000005,-0.146 – 0.1409,0.0,0.031215857655689093,-0.21441537507512587,,,0.6072095640497245,0.24677042733375387,−,−,coincide,True,False
net_deposit_flow_pct_90d,False,-0.0938131,-0.4333 – 0.07103,-0.01159419,-0.1602 – 0.1268,0.0,0.031215857655689093,-0.21566688356422892,,,0.6078355050387629,0.24495860081051674,−,−,coincide,True,False
outflow_x_contact_gap,False,0.0,0 – 0.01855,0.0,0 – 0.001663,0.0,0.0,0.18753853028329814,,,0.5937692651416491,0.24031783690462813,+,+,coincide,True,False
deposit_balance_change_pct_90d,False,-0.08838,-0.2623 – 0.05888,-0.00738588,-0.1246 – 0.1098,0.0,0.031215857655689093,-0.224109262863602,,,0.6120584336402256,0.23663323976265688,−,−,coincide,True,False
share_of_wallet_change,False,-0.02489659,-0.1389 – 0.006331,-0.004066055,-0.0425 – 0.02176,0.0,0.0,-0.2291588778262148,,,0.6145794389131074,0.22825260525222668,−,−,coincide,True,False
aum_outflow_pct_90d,False,0.0049496,0 – 0.07755,0.0,0 – 0.01184,12.48470012239902,14.367098486030905,0.19537070966944303,,,0.5847437940334156,0.20907485038282989,+,+,coincide,True,False
aum_outflow_pct_90d_peer,False,0.0049496,0 – 0.07755,0.0,0 – 0.01184,12.48470012239902,14.367098486030905,0.19537070966944303,,,0.5847437940334156,0.20907485038282989,+,+,coincide,True,False
external_destination_concentration,False,0.55371796,0.4284 – 0.9635,0.513811685,0.3791 – 0.8786,0.0,0.0,0.099833719201325,,,0.5499168596006625,0.2027558580806644,+,+,sin evidencia / sin hipótesis,True,False
contact_gap_ratio_peer,False,0.205555555,-0.08333 – 0.7667,-0.01111110999999998,-0.1667 – 0.3333,0.0,0.0,0.2472456399527827,,,0.6236228199763914,0.20137713947622105,+,+,coincide,True,False
recurring_deposit_stopped_flag,False,0.0,0 – 0,0.0,0 – 0,5.752753977968176,6.750429218042766,0.12567883200572139,4.372129713335861,"[3.68, 5.19]",0.5593943302144858,0.2010949988381092,+,+,coincide,True,False
aum_outflow_90d,False,13756.13,0 – 3.493e+05,0.0,0 – 4.444e+04,12.48470012239902,14.367098486030905,0.19211669584402657,,,0.5835244842935904,0.20087543042387127,+,+,coincide,True,False
contact_gap_ratio,False,0.46666667,0.1889 – 1.044,0.25555556,0.1 – 0.6,0.0,0.0,0.24817829489204257,,,0.6240891474460213,0.1984298892954401,+,+,coincide,True,False
ind_sin_dato_client_reply_rate,False,1.0,0 – 1,0.0,0 – 1,0.0,0.0,0.21662573008140762,2.3455103043362695,"[2.03, 2.71]",0.6083128650407038,0.19551013442091497,+,+,coincide,True,False
competitor_x_new_destinations,False,0.0,0 – 0,0.0,0 – 0,1.7135862913096693,1.4827532386452318,0.16097883096815324,4.2776295198089125,"[3.66, 5.00]",0.5790268408615958,0.18892013231036714,+,+,coincide,True,False
salary_deposit_stopped_flag,False,0.0,0 – 0,0.0,0 – 0,46.75642594859241,47.00327766505385,0.1508003324210374,5.879800635337934,"[4.76, 7.27]",0.5401780946826251,0.17332435408946759,+,+,coincide,True,False
investment_redemption_pct,False,0.01096848,0 – 0.08473,0.00258651,0 – 0.02495,12.48470012239902,14.367098486030905,0.19046101078362088,,,0.5851943607426011,0.16886474803253676,+,+,coincide,True,False
repeat_complaint_flag,False,0.0,0 – 0,0.0,0 – 0,0.0,0.0,0.10157475787173564,3.905151405872646,"[3.26, 4.68]",0.5507873789358678,0.15769728535013985,+,+,coincide,True,False
recurring_deposit_change_pct,False,-0.04398792,-0.3717 – 0.008397,-0.00741346,-0.08066 – 0.01854,5.87515299877601,6.812860933354144,-0.18136734044248115,,,0.5867985195965475,0.15073499382451175,−,−,coincide,True,False
positions_liquidated_pct,False,0.0,0 – 0.0137,0.0,0 – 0,12.48470012239902,14.367098486030905,0.14739879641000564,2.342779540969831,"[2.00, 2.75]",0.5649699619009885,0.13873994542591345,+,+,coincide,True,False
cash_pct_of_portfolio_chg,False,0.00856792,-0.002017 – 0.04864,0.0042058,-0.004601 – 0.01751,12.48470012239902,14.367098486030905,0.16409852791881407,,,0.5719753811190675,0.1373714972058976,+,+,coincide,True,False
complaint_escalated_flag,False,0.0,0 – 0,0.0,0 – 0,0.0,0.0,0.1041706028767877,3.143989525460915,"[2.64, 3.75]",0.5520853014383938,0.133611835810685,+,+,coincide,True,False
meetings_cancelled_by_client,False,0.0,0 – 1,0.0,0 – 0,56.181150550795586,61.23770875604807,0.18269854784595085,2.175415657548698,"[1.78, 2.66]",0.5450621155449049,0.09393172535790811,+,+,coincide,True,False
accounts_closed_90d,False,0.0,0 – 0,0.0,0 – 0,0.0,0.0,0.11248368761294025,1.8333389637737463,"[1.57, 2.14]",0.55624184380647,0.09095049053326086,+,+,coincide,True,False
outflow_vs_baseline_pct,False,-0.4098888,-0.7886 – 0.3376,-0.453450845,-0.7787 – 0.03543,0.0,0.0,0.05646115717604627,,,0.528230578588023,0.09027424463434282,+,+,sin evidencia / sin hipótesis,True,False
return_vs_benchmark,False,-0.02276298,-0.05185 – 0.002818,-0.009426485,-0.03664 – 0.01854,41.37086903304773,39.59731543624161,-0.1954240908870224,,,0.5674298345272984,0.08001975237549667,−,−,coincide,True,False
pension_deposit_stopped_flag,False,0.0,0 – 0,0.0,0 – 0,65.85067319461444,66.0449508350242,0.08679832181289027,5.8251591335806205,"[4.20, 8.09]",0.5148336934109896,0.0642913699998881,+,+,coincide,True,False
trustee_change_flag,False,0.0,0 – 0,0.0,0 – 0,67.44186046511628,68.12860933354143,0.12116603948657145,4.060546875,"[3.02, 5.46]",0.5198508210592033,0.0634990312843684,+,+,coincide,True,False
fixed_income_maturity_not_reinvested,False,0.6516713350000001,0 – 1,0.038894325,0 – 0.7968,76.00979192166463,73.91915092867177,0.23853338462853713,,,0.5412051709049103,0.05894044292073259,+,+,coincide,True,False
complaint_age_days,False,0.0,0 – 0,0.0,0 – 0,0.0,0.0,0.07840137747135878,3.395190695602218,"[2.78, 4.15]",0.5392006887356794,0.054044673691527156,+,+,coincide,True,False
business_payroll_stopped_flag,False,0.0,0 – 0,0.0,0 – 0,74.17380660954713,74.00499453722492,0.13386242407600002,3.832490366088632,"[2.78, 5.28]",0.5172467613547683,0.05324829406217662,+,+,coincide,True,False
relationship_dissatisfaction_flag,False,0.0,0 – 0,0.0,0 – 0,69.40024479804161,70.32932729826751,0.08717727511835882,3.212662554407327,"[2.28, 4.53]",0.5135090731354687,0.03582054362939386,+,+,coincide,True,False
recurring_income_monthly,False,32579.03,1.428e+04 – 6.082e+04,30686.125,1.372e+04 – 5.866e+04,0.0,0.0,0.032934926781238216,,,0.5164674633906191,0.018953008625812697,?,+,sin evidencia / sin hipótesis,False,False
tenure_years,False,7.23,4.35 – 11.29,7.83,4.58 – 12.37,0.0,0.0,-0.063604984526754,,,0.5318024922633771,0.017750800241000293,−,−,sin evidencia / sin hipótesis,False,False
aum,False,3721379.93,1.796e+06 – 7.932e+06,3740886.53,1.852e+06 – 7.782e+06,12.48470012239902,14.367098486030905,0.006469152828398217,,,0.5021456603749075,0.016961435981506973,?,+,sin evidencia / sin hipótesis,False,False
log_rv,False,6.688658137996933,6.401 – 7.038,6.690451179490309,6.398 – 7.01,0.0,0.0,0.018116659811531877,,,0.5090583299057659,0.015140426095421322,?,+,sin evidencia / sin hipótesis,False,False
relationship_value,False,4882678.6,2.518e+06 – 1.092e+07,4902879.085,2.5e+06 – 1.023e+07,0.0,0.0,0.018116659811531877,,,0.5090583299057659,0.015140426095421322,?,+,sin evidencia / sin hipótesis,False,False
has_credit_anchor,False,0.0,0 – 1,0.0,0 – 1,0.0,0.0,-0.050085022138614876,0.8044041537753355,"[0.69, 0.93]",0.5250425110693073,0.01145569368800275,−,−,coincide,True,False
deposit_balance,False,1470819.2,6.745e+05 – 3.371e+06,1574576.08,7.104e+05 – 3.459e+06,0.0,0.0,-0.007535171808527252,,,0.5037675859042636,0.011304779598553112,?,−,sin evidencia / sin hipótesis,False,False
ind_sin_dato_meetings_cancelled_by_client,False,1.0,0 – 1,1.0,0 – 1,0.0,0.0,-0.050565582052524816,0.8219726064620446,"[0.72, 0.94]",0.5252827910262624,0.010585611453748372,?,−,sin evidencia / sin hipótesis,True,False
aum_share,False,0.706378484694186,0.5316 – 0.8168,0.6952427318660535,0.5129 – 0.8185,0.0,0.0,0.02816629378936253,,,0.5140831468946813,0.009434260513771412,?,+,sin evidencia / sin hipótesis,False,False
deposit_share,False,0.293621515305814,0.1832 – 0.4684,0.3047572672680565,0.1815 – 0.4871,0.0,0.0,-0.02816629378936253,,,0.5140831468946813,0.009084492714863406,?,−,sin evidencia / sin hipótesis,False,False
n_products_held,False,4.0,3 – 5,4.0,3 – 5,0.0,0.0,-0.001720215362672306,,,0.5008601076813362,0.007406818928960035,−,−,sin evidencia / sin hipótesis,False,False
history_months,False,24.0,24 – 24,24.0,24 – 24,0.0,0.0,-0.003841709238231794,,,0.501920854619116,0.006749749495962795,?,−,sin evidencia / sin hipótesis,False,False
has_dividend_stream,False,0.0,0 – 1,0.0,0 – 1,0.0,0.0,0.030837981484067578,1.1231050582114526,"[0.98, 1.28]",0.5154189907420339,0.0038086303785211423,−,+,sin evidencia / sin hipótesis,False,False
n_streams_eligible,False,1.0,1 – 2,1.0,1 – 2,0.0,0.0,0.007078014235883057,,,0.5035390071179414,0.003051046268755786,−,+,sin evidencia / sin hipótesis,False,False
segment_uhnw,False,0.0,0 – 0,0.0,0 – 0,0.0,0.0,0.012457591614434937,1.22579623127584,"[0.94, 1.60]",0.5062287958072175,0.0029222294119178862,?,+,sin evidencia / sin hipótesis,False,False
has_investments,False,1.0,1 – 1,1.0,1 – 1,0.0,0.0,0.018823983636318875,1.1653019352847231,"[0.95, 1.43]",0.5094119918181594,0.0029100929795333338,−,+,sin evidencia / sin hipótesis,False,False
ind_sin_dato_fixed_income_maturity_not_reinvested,False,1.0,1 – 1,1.0,0 – 1,0.0,0.0,0.020906409929928538,1.1106394207341115,"[0.95, 1.30]",0.5104532049649644,0.002262653023547942,?,+,sin evidencia / sin hipótesis,False,False
has_advisory,False,1.0,0 – 1,1.0,0 – 1,0.0,0.0,-0.01773553596806121,0.9331632362882655,"[0.82, 1.07]",0.5088677679840307,0.001319964908150821,−,−,sin evidencia / sin hipótesis,False,False
has_payroll_stream,False,1.0,0 – 1,1.0,0 – 1,0.0,0.0,0.010761256191829549,1.0416520321355816,"[0.91, 1.19]",0.5053806280959149,0.0004619795579150521,−,+,sin evidencia / sin hipótesis,False,False
ind_sin_dato_relationship_dissatisfaction_flag,False,1.0,0 – 1,1.0,0 – 1,0.0,0.0,-0.009290825002259084,0.9593836517381772,"[0.83, 1.11]",0.5046454125011295,0.0004296811722043106,?,−,sin evidencia / sin hipótesis,False,False
has_trust,False,0.0,0 – 1,0.0,0 – 1,0.0,0.0,0.006867488684251688,1.0299960364645264,"[0.89, 1.19]",0.5034337443421258,0.00022864393039387978,−,+,sin evidencia / sin hipótesis,False,False
has_pension_stream,False,0.0,0 – 1,0.0,0 – 1,0.0,0.0,0.0035610721825634073,1.014930412049096,"[0.88, 1.17]",0.5017805360912818,6.181142578230753e-05,−,+,sin evidencia / sin hipótesis,False,False
has_linked_business,False,0.0,0 – 1,0.0,0 – 1,0.0,0.0,-0.002361726072634407,0.9885782839108325,"[0.85, 1.15]",0.5011808630363171,2.2538451125792437e-05,−,−,sin evidencia / sin hipótesis,False,False
