paso,variable,cluster,representante 1−R²,Gini CV,ΔGini medio,% folds ΔGini > 0,VIF máx,signos β correctos,cumple,entra
1,transfer_to_competitor_pct_90d,1,False,0.1522490258792932,0.1522490258792932,100.0,1.0,True,True,False
1,banker_change_6m_flag,10,False,0.21698383179833505,0.21698383179833505,100.0,1.0,True,True,False
1,external_transfer_pct_of_balance_60d,1,False,0.1785483625526129,0.1785483625526129,100.0,1.0,True,True,False
1,transfer_to_competitor_bank_amount_90d,1,False,0.15658497582776273,0.15658497582776273,100.0,1.0,True,True,False
1,net_external_flow_pct_90d,2,False,0.16660104732487593,0.16660104732487593,100.0,1.0,True,True,False
1,deposit_balance_vs_6m_avg_pct,2,False,0.17387733922304477,0.17387733922304477,100.0,1.0,True,True,False
1,aum_vs_baseline_pct,4,False,0.16434165997440625,0.16434165997440625,100.0,1.0,True,True,False
1,client_reply_rate,8,True,0.23387461879385946,0.23387461879385946,100.0,1.0,True,True,True
1,products_closed_180d,11,False,0.12187065223257766,0.12187065223257766,100.0,1.0,True,True,False
1,outflow_x_contact_gap,4,False,0.18037754227079944,0.18037754227079944,100.0,1.0,True,True,False
1,streams_stopped_count,7,True,0.11223465385139525,0.11223465385139525,100.0,1.0,True,True,False
1,share_of_wallet,2,False,0.22517582826674357,0.22517582826674357,100.0,1.0,True,True,False
1,net_deposit_flow_pct_90d,2,True,0.1684362777250904,0.1684362777250904,100.0,1.0,True,True,False
1,net_deposit_flow_pct_90d_peer,2,False,0.16656399750748643,0.16656399750748643,100.0,1.0,True,True,False
1,deposit_balance_change_pct_90d,2,False,0.1616041044697346,0.1616041044697346,100.0,1.0,True,True,False
1,aum_outflow_pct_90d,4,True,0.15322812927582088,0.15322812927582088,100.0,1.0,True,True,False
1,aum_outflow_pct_90d_peer,4,False,0.15322812927582088,0.15322812927582088,100.0,1.0,True,True,False
1,ind_sin_dato_client_reply_rate,8,False,0.19770921598296576,0.19770921598296576,100.0,1.0,True,True,False
1,aum_outflow_90d,4,False,0.15165965540605986,0.15165965540605986,100.0,1.0,True,True,False
1,new_external_destinations_90d,1,False,0.1123195745123369,0.1123195745123369,100.0,1.0,True,True,False
1,competitor_x_new_destinations,1,True,0.11079697848772713,0.11079697848772713,100.0,1.0,True,True,False
1,external_transfer_acceleration,1,False,0.1065211525686482,0.1065211525686482,100.0,1.0,True,True,False
1,recurring_deposit_stopped_flag,7,False,0.09358216921147747,0.09358216921147747,100.0,1.0,True,True,False
1,share_of_wallet_change,2,False,0.17430161459160246,0.17430161459160246,100.0,1.0,True,True,False
1,contact_gap_ratio,9,True,0.20718362205513177,0.20718362205513177,100.0,1.0,True,True,False
1,contact_gap_ratio_peer,9,False,0.2077108772359462,0.2077108772359462,100.0,1.0,True,True,False
1,investment_redemption_pct,3,False,0.14734934184483936,0.14734934184483936,100.0,1.0,True,True,False
1,salary_deposit_stopped_flag,7,False,0.08875354382940955,0.08875354382940955,100.0,1.0,True,True,False
1,accounts_closed_90d,11,True,0.08000005555000442,0.08000005555000442,100.0,1.0,True,True,False
1,recurring_deposit_change_pct,7,False,0.13192040457972964,0.13192040457972964,100.0,1.0,True,True,False
1,cash_pct_of_portfolio_chg,3,True,0.1198046171489695,0.1198046171489695,100.0,1.0,True,True,False
1,repeat_complaint_flag,5,False,0.07131740992733782,0.07131740992733782,100.0,1.0,True,True,False
1,complaint_escalated_flag,5,True,0.07999857147339293,0.07999857147339293,100.0,1.0,True,True,False
1,outflow_vs_baseline_pct,1,False,0.07653541508326729,0.07653541508326729,100.0,1.0,True,True,False
1,positions_liquidated_pct,3,False,0.09304168263472848,0.09304168263472848,100.0,1.0,True,True,False
1,complaint_age_days,5,False,0.05470776837066507,0.05470776837066507,100.0,1.0,True,True,False
1,return_vs_benchmark,5,False,0.12621450120057343,0.12621450120057343,100.0,1.0,True,True,False
1,meetings_cancelled_by_client,8,False,0.07839688597501566,0.07839688597501566,100.0,1.0,True,True,False
1,pension_deposit_stopped_flag,7,False,0.03436766598385062,0.03436766598385062,92.0,1.0,True,True,False
1,fixed_income_maturity_not_reinvested,3,False,0.07797366065980593,0.07797366065980593,100.0,1.0,True,True,False
1,trustee_change_flag,11,False,0.04679027086113016,0.04679027086113016,100.0,1.0,True,True,False
1,business_payroll_stopped_flag,6,True,0.03903371584044603,0.03903371584044603,96.0,1.0,True,True,False
1,external_destination_concentration,1,False,0.09513398122812608,0.09513398122812608,100.0,1.0,True,True,False
1,relationship_dissatisfaction_flag,10,True,0.03743727249323375,0.03743727249323375,100.0,1.0,True,True,False
2,transfer_to_competitor_pct_90d,1,False,0.31315715748920553,0.07928253869534607,100.0,1.0202554054669455,True,True,False
2,banker_change_6m_flag,10,False,0.3575937204791842,0.12371910168532473,100.0,1.0071048339742616,True,True,True
2,external_transfer_pct_of_balance_60d,1,False,0.31812559494983633,0.08425097615597689,100.0,1.0163030151868282,True,True,False
2,transfer_to_competitor_bank_amount_90d,1,False,0.3101953340717124,0.07632071527785292,100.0,1.0093130866625752,True,True,False
2,net_external_flow_pct_90d,2,False,0.3100970701788784,0.07622245138501894,100.0,1.014263419949953,True,True,False
2,deposit_balance_vs_6m_avg_pct,2,False,0.3121376660621215,0.07826304726826205,100.0,1.0156274079477285,True,True,False
2,aum_vs_baseline_pct,4,False,0.3102559645594998,0.07638134576564032,100.0,1.0143346122272676,True,True,False
2,products_closed_180d,11,False,0.2918230690432271,0.05794845024936764,100.0,1.016347949111011,True,True,False
2,outflow_x_contact_gap,4,False,0.30732954965020226,0.07345493085634282,100.0,1.0383640743966656,True,True,False
2,streams_stopped_count,7,True,0.2891680073399164,0.055293388546056976,100.0,1.010340122072512,True,True,False
2,share_of_wallet,2,False,0.3269986891241628,0.09312407033030336,100.0,1.0107087296377983,True,True,False
2,net_deposit_flow_pct_90d,2,True,0.30780347075521663,0.07392885196135712,100.0,1.0132881836230188,True,True,False
2,net_deposit_flow_pct_90d_peer,2,False,0.3082585209205042,0.07438390212664475,100.0,1.0130527159733627,True,True,False
2,deposit_balance_change_pct_90d,2,False,0.30100554646902233,0.06713092767516292,100.0,1.0105787052642177,True,True,False
2,aum_outflow_pct_90d,4,True,0.30262285808742806,0.06874823929356863,100.0,1.010282600170746,True,True,False
2,aum_outflow_pct_90d_peer,4,False,0.30262285808742806,0.06874823929356863,100.0,1.010282600170746,True,True,False
2,aum_outflow_90d,4,False,0.3026647892131262,0.06879017041926673,100.0,1.0057739422584824,True,True,False
2,new_external_destinations_90d,1,False,0.28069965288006293,0.04682503408620351,100.0,1.0089944098378676,True,True,False
2,competitor_x_new_destinations,1,True,0.28054201046563043,0.046667391671770996,100.0,1.0095232183329361,True,True,False
2,external_transfer_acceleration,1,False,0.27964903662275875,0.04577441782889932,100.0,1.0112414465187123,True,True,False
2,recurring_deposit_stopped_flag,7,False,0.27668496304864676,0.04281034425478736,100.0,1.0073520464162082,True,True,False
2,share_of_wallet_change,2,False,0.30125284497664667,0.0673782261827872,100.0,1.0075642117923571,True,True,False
2,contact_gap_ratio,9,True,0.2753459740261851,0.04147135523232568,100.0,1.2767061637082637,True,True,False
2,contact_gap_ratio_peer,9,False,0.27399991928847034,0.0401253004946109,100.0,1.2877393778300683,True,True,False
2,investment_redemption_pct,3,False,0.2977727613570278,0.06389814256316835,100.0,1.005296554525563,True,True,False
2,salary_deposit_stopped_flag,7,False,0.2763849086786961,0.04251028988483665,100.0,1.0074377983973948,True,True,False
2,accounts_closed_90d,11,True,0.26809094505548886,0.03421632626162943,100.0,1.0096039404557937,True,True,False
2,recurring_deposit_change_pct,7,False,0.2859832004711524,0.05210858167729298,100.0,1.0060890732472905,True,True,False
2,cash_pct_of_portfolio_chg,3,True,0.28851410669321054,0.05463948789935105,100.0,1.0050652240371434,True,True,False
2,repeat_complaint_flag,5,False,0.27181387215216213,0.037939253358302685,100.0,1.0063435053519818,True,True,False
2,complaint_escalated_flag,5,True,0.27262713995491483,0.0387525211610554,100.0,1.0067893062167128,True,True,False
2,outflow_vs_baseline_pct,1,False,0.26547781186942676,0.03160319307556736,100.0,1.0042755908603715,True,True,False
2,positions_liquidated_pct,3,False,0.27874889359194255,0.0448742747980831,100.0,1.001290509424897,True,True,False
2,complaint_age_days,5,False,0.25956028413263116,0.025685665338771705,100.0,1.0050083692174336,True,True,False
2,return_vs_benchmark,5,False,0.281410708145289,0.047536089351429583,100.0,1.0025725716533214,True,True,False
2,pension_deposit_stopped_flag,7,False,0.24955145913654078,0.015676840342681356,92.0,1.002468116887111,True,True,False
2,fixed_income_maturity_not_reinvested,3,False,0.26950019154224103,0.03562557274838163,100.0,1.0003673812710996,True,True,False
2,trustee_change_flag,11,False,0.25058695824536703,0.016712339451507612,92.0,1.0023020264307705,True,True,False
2,business_payroll_stopped_flag,6,True,0.24692679365855888,0.013052174864699442,96.0,1.0010875559610743,True,True,False
2,external_destination_concentration,1,False,0.2680739801864054,0.03419936139254597,100.0,1.0013946210454368,True,True,False
2,relationship_dissatisfaction_flag,10,True,0.24711411173961612,0.013239492945756676,92.0,1.003437528240032,True,True,False
3,transfer_to_competitor_pct_90d,1,False,0.386466103791143,0.02887238331195884,96.0,1.0872542737274264,True,True,False
3,external_transfer_pct_of_balance_60d,1,False,0.39242636442206785,0.03483264394288375,100.0,1.0614054422226138,True,True,False
3,transfer_to_competitor_bank_amount_90d,1,False,0.3865136152175201,0.028919894738335915,100.0,1.0565984465068727,True,True,False
3,net_external_flow_pct_90d,2,False,0.39094253018450575,0.03334880970532157,100.0,1.0513685998402948,True,True,False
3,deposit_balance_vs_6m_avg_pct,2,False,0.38793178046016585,0.03033805998098173,100.0,1.0498273385512207,True,True,False
3,aum_vs_baseline_pct,4,False,0.39308750722919966,0.03549378675001548,100.0,1.04466937420895,True,True,False
3,products_closed_180d,11,False,0.37425143227029684,0.016657711791112736,96.0,1.072164794463216,True,True,False
3,outflow_x_contact_gap,4,False,0.38886367821380224,0.03126995773461815,100.0,1.0572124746621316,True,True,False
3,streams_stopped_count,7,True,0.37818568881079073,0.020591968331606533,96.0,1.049171733713566,True,True,False
3,share_of_wallet,2,False,0.3970411999476313,0.039447479468447205,100.0,1.033939020984867,True,True,True
3,net_deposit_flow_pct_90d,2,True,0.38365043871997734,0.02605671824079322,100.0,1.0400220345809204,True,True,False
3,net_deposit_flow_pct_90d_peer,2,False,0.38525300442171867,0.027659283942534536,100.0,1.039330836518097,True,True,False
3,deposit_balance_change_pct_90d,2,False,0.3798529139876004,0.02225919350841622,100.0,1.0362661166420237,True,True,False
3,aum_outflow_pct_90d,4,True,0.3870300614532824,0.029436340974098273,100.0,1.0331589119956601,True,True,False
3,aum_outflow_pct_90d_peer,4,False,0.3870300614532824,0.029436340974098273,100.0,1.0331589119956601,True,True,False
3,aum_outflow_90d,4,False,0.3898182288948391,0.03222450841565492,96.0,1.0278112012279657,True,True,False
3,new_external_destinations_90d,1,False,0.3733205635657883,0.01572684308660417,100.0,1.0363738798270696,True,True,False
3,competitor_x_new_destinations,1,True,0.3726949349957727,0.015101214516588577,100.0,1.0385833235180415,True,True,False
3,external_transfer_acceleration,1,False,0.376243261245382,0.01864954076619785,96.0,1.035523373653314,True,True,False
3,recurring_deposit_stopped_flag,7,False,0.37285719423905894,0.015263473759874868,100.0,1.0329068382182085,True,True,False
3,share_of_wallet_change,2,False,0.3827527820377925,0.025159061558608444,100.0,1.022715938302071,True,True,False
3,contact_gap_ratio,9,True,0.38285470533190924,0.025260984852725103,100.0,1.2832278703840512,True,True,False
3,contact_gap_ratio_peer,9,False,0.38217639271035997,0.024582672231175808,100.0,1.2941000273697694,True,True,False
3,investment_redemption_pct,3,False,0.3839198689123539,0.026326148433169775,100.0,1.0188638743465197,True,True,False
3,salary_deposit_stopped_flag,7,False,0.37350579188572897,0.015912071406544756,96.0,1.0366114416239078,True,True,False
3,accounts_closed_90d,11,True,0.3680052058086811,0.010411485329496904,84.0,1.0358470103846562,True,True,False
3,recurring_deposit_change_pct,7,False,0.37653463078561655,0.01894091030643235,100.0,1.0192767932032794,True,True,False
3,cash_pct_of_portfolio_chg,3,True,0.3809222853738206,0.023328564894636427,100.0,1.0203361944030185,True,True,False
3,repeat_complaint_flag,5,False,0.3732191059817663,0.01562538550258217,96.0,1.0189307277468658,True,True,False
3,complaint_escalated_flag,5,True,0.3731115680378357,0.015517847558651585,96.0,1.0222080439975658,True,True,False
3,outflow_vs_baseline_pct,1,False,0.37020131493612807,0.012607594456943936,96.0,1.0193428093630654,True,True,False
3,positions_liquidated_pct,3,False,0.3735017220131681,0.015908001533983907,96.0,1.0168659090999566,True,True,False
3,complaint_age_days,5,False,0.3677489193519674,0.01015519887278325,100.0,1.0148982710238155,True,True,False
3,return_vs_benchmark,5,False,0.3801871898864714,0.022593469407287195,100.0,1.012718728023511,True,True,False
3,pension_deposit_stopped_flag,7,False,0.3632277709426255,0.005634050463441342,68.0,1.0161228312385684,True,False,False
3,fixed_income_maturity_not_reinvested,3,False,0.37149349282187955,0.013899772342695326,100.0,1.0092700798098662,True,True,False
3,trustee_change_flag,11,False,0.3632075583435161,0.005613837864331952,84.0,1.0137380937014933,True,True,False
3,business_payroll_stopped_flag,6,True,0.3620004736667672,0.004406753187583154,76.0,1.0103092148240544,True,False,False
3,external_destination_concentration,1,False,0.3695406245531801,0.011946904073995972,96.0,1.0105074365269595,True,True,False
4,transfer_to_competitor_pct_90d,1,False,0.40954966009682126,0.012508460149189915,100.0,1.1824914994255684,True,True,False
4,external_transfer_pct_of_balance_60d,1,False,0.4124267078747072,0.015385507927075928,100.0,1.1534067938635766,True,True,False
4,transfer_to_competitor_bank_amount_90d,1,False,0.4096886418983072,0.0126474419506759,92.0,1.1321710788479964,True,True,False
4,aum_vs_baseline_pct,4,False,0.4116400058632743,0.014598805915642882,100.0,1.1584577343818494,True,True,False
4,products_closed_180d,11,False,0.40269054384632186,0.005649343898690473,84.0,1.126855203076802,True,True,False
4,outflow_x_contact_gap,4,False,0.41265067130072447,0.015609471353093065,100.0,1.1334682054267542,True,True,True
4,streams_stopped_count,7,True,0.4081748313215497,0.011133631373918318,96.0,1.0884174635959152,True,True,False
4,aum_outflow_pct_90d,4,True,0.40807964077745196,0.011038440829820608,88.0,1.1229605596567809,True,True,False
4,aum_outflow_pct_90d_peer,4,False,0.40807964077745196,0.011038440829820608,88.0,1.1229605596567809,True,True,False
4,aum_outflow_90d,4,False,0.4098415100400015,0.012800310092370122,88.0,1.1068181314972103,True,True,False
4,new_external_destinations_90d,1,False,0.4018395372089176,0.004798337261286143,80.0,1.090752214729011,True,True,False
4,competitor_x_new_destinations,1,True,0.40245563692686437,0.005414436979232944,84.0,1.09211633865329,True,True,False
4,external_transfer_acceleration,1,False,0.40370990700555553,0.00666870705792415,84.0,1.0831778977807416,True,True,False
4,recurring_deposit_stopped_flag,7,False,0.405285853673362,0.008244653725730631,100.0,1.0574738075155257,True,True,False
4,contact_gap_ratio,9,True,0.4094466579829924,0.012405458035361052,96.0,1.287015306282591,True,True,False
4,contact_gap_ratio_peer,9,False,0.40913083419281215,0.012089634245180747,96.0,1.297861627136565,True,True,False
4,investment_redemption_pct,3,False,0.4080375550455762,0.01099635509794485,96.0,1.065962110390607,True,True,False
4,salary_deposit_stopped_flag,7,False,0.40208339234921214,0.005042192401580801,80.0,1.0629233873686799,True,True,False
4,accounts_closed_90d,11,True,0.4017908215162344,0.004749621568603048,84.0,1.0618662424910237,True,True,False
4,recurring_deposit_change_pct,7,False,0.40333812996111024,0.006296930013478876,92.0,1.0502779932647475,True,True,False
4,cash_pct_of_portfolio_chg,3,True,0.4060709147187493,0.009029714771117945,88.0,1.0493261223798096,True,True,False
4,repeat_complaint_flag,5,False,0.40899742907334774,0.011956229125716398,88.0,1.0408147614175345,True,True,False
4,complaint_escalated_flag,5,True,0.4088954642174974,0.011854264269866119,96.0,1.0438379373276032,True,True,False
4,outflow_vs_baseline_pct,1,False,0.401341026058139,0.004299826110507618,80.0,1.047276820388347,True,True,False
4,positions_liquidated_pct,3,False,0.4017273534501094,0.0046861535024780125,84.0,1.0425243738863816,True,True,False
4,complaint_age_days,5,False,0.4042477091177837,0.007206509170152273,96.0,1.0370077019480624,True,True,False
4,return_vs_benchmark,5,False,0.4118225630612106,0.014781363113579263,96.0,1.0356877488070173,True,True,False
4,pension_deposit_stopped_flag,7,False,0.3996143143010882,0.0025731143534568003,84.0,1.045435267438167,True,True,False
4,fixed_income_maturity_not_reinvested,3,False,0.4024531795286318,0.005411979581000423,80.0,1.0367414711864102,True,True,False
4,trustee_change_flag,11,False,0.39889258928424737,0.0018513893366160338,72.0,1.039213563326949,True,False,False
4,business_payroll_stopped_flag,6,True,0.39939551406993773,0.00235431412230632,84.0,1.0385099729323126,True,True,False
4,external_destination_concentration,1,False,0.40069069533090823,0.003649495383276831,84.0,1.0421430071955322,True,True,False
5,transfer_to_competitor_pct_90d,1,False,0.41781276176564397,0.005162090464919542,84.0,1.3993020635842723,True,True,False
5,external_transfer_pct_of_balance_60d,1,False,0.4179105228504924,0.005259851549768007,88.0,1.4757742220669599,True,True,False
5,transfer_to_competitor_bank_amount_90d,1,False,0.419461715449363,0.006811044148638592,88.0,1.2737819988542969,True,True,False
5,products_closed_180d,11,False,0.41477656287353504,0.0021258915728106587,64.0,1.2523431194276704,True,False,False
5,streams_stopped_count,7,True,0.42043775808213835,0.007787086781413892,92.0,1.1820980676962247,True,True,False
5,new_external_destinations_90d,1,False,0.41212160487515903,-0.0005290664255653699,36.0,1.4218223530725695,True,False,False
5,competitor_x_new_destinations,1,True,0.4127150475219961,6.437622127164922e-05,44.0,1.3702744578104313,True,False,False
5,external_transfer_acceleration,1,False,0.41335431294463854,0.0007036416439141302,64.0,1.3355639689556322,True,False,False
5,recurring_deposit_stopped_flag,7,False,0.41774917470684003,0.00509850340611564,92.0,1.1675943472709032,True,True,False
5,contact_gap_ratio,9,True,0.41812474197871635,0.005474070677991909,84.0,1.371625698355232,True,True,False
5,contact_gap_ratio_peer,9,False,0.41745935286991637,0.004808681569191941,76.0,1.3816649915203827,True,False,False
5,investment_redemption_pct,3,False,0.415343568266039,0.002692896965314606,64.0,1.403000040848775,True,False,False
5,salary_deposit_stopped_flag,7,False,0.41532792477544644,0.0026772534747220344,72.0,1.1701813136995425,True,False,False
5,accounts_closed_90d,11,True,0.4136884696689981,0.001037798368273588,60.0,1.2153200134072488,True,False,False
5,recurring_deposit_change_pct,7,False,0.41461978667881255,0.0019691153780881086,76.0,1.1495655346232663,True,False,False
5,cash_pct_of_portfolio_chg,3,True,0.41915875531981966,0.006508084019095248,88.0,1.1537563387924266,True,True,False
5,repeat_complaint_flag,5,False,0.4216735855485604,0.009022914247835922,88.0,1.1368523743296561,True,True,False
5,complaint_escalated_flag,5,True,0.4228771525077873,0.010226481207062878,92.0,1.1382698160306952,True,True,False
5,outflow_vs_baseline_pct,1,False,0.4128356335808599,0.00018496228013553662,48.0,1.22791485737901,True,False,False
5,positions_liquidated_pct,3,False,0.41457675720544157,0.0019260859047171674,60.0,1.1572909894285954,True,False,False
5,complaint_age_days,5,False,0.41761081030690606,0.004960139006181583,96.0,1.137206026631166,True,True,False
5,return_vs_benchmark,5,False,0.42462820412775487,0.011977532827030376,96.0,1.1344108762012677,True,True,True
5,pension_deposit_stopped_flag,7,False,0.41407946943934776,0.0014287981386232574,76.0,1.1436833599092322,True,False,False
5,fixed_income_maturity_not_reinvested,3,False,0.4161180905053125,0.0034674192045880937,72.0,1.1374257558460998,True,False,False
5,trustee_change_flag,11,False,0.41421489106167064,0.0015642197609461838,76.0,1.1452078878832233,True,False,False
5,business_payroll_stopped_flag,6,True,0.4149597527431838,0.0023090814424593996,76.0,1.135843199714402,True,False,False
5,external_destination_concentration,1,False,0.41332581910445443,0.0006751478037299918,72.0,1.144155514346077,True,False,False
6,transfer_to_competitor_pct_90d,1,False,0.4293031942282807,0.004674990100525882,100.0,1.3995949300418578,True,True,False
6,external_transfer_pct_of_balance_60d,1,False,0.4291605844026442,0.004532380274889496,80.0,1.4759433154320045,True,True,False
6,transfer_to_competitor_bank_amount_90d,1,False,0.42953649257599685,0.004908288448242049,92.0,1.2744302757722952,True,True,False
6,products_closed_180d,11,False,0.4275863550715991,0.002958150943844231,76.0,1.2530878560331788,True,False,False
6,streams_stopped_count,7,True,0.43222429774727383,0.007596093619519051,92.0,1.1828887844960376,True,True,True
6,new_external_destinations_90d,1,False,0.42426255575609884,-0.00036564837165592223,44.0,1.4225055742649355,True,False,False
6,competitor_x_new_destinations,1,True,0.42484813340737143,0.00021992927961656862,56.00000000000001,1.3712532207792143,True,False,False
6,external_transfer_acceleration,1,False,0.4250111769164748,0.0003829727887200107,68.0,1.3363770508020785,True,False,False
6,recurring_deposit_stopped_flag,7,False,0.4294631248355361,0.00483492070778131,88.0,1.1684134707118614,True,True,False
6,contact_gap_ratio,9,True,0.4282471688750627,0.0036189647473079045,76.0,1.3719569990640208,True,False,False
6,contact_gap_ratio_peer,9,False,0.428069706626382,0.0034415024986271447,84.0,1.381954058920605,True,True,False
6,investment_redemption_pct,3,False,0.4271371804803572,0.002508976352602437,80.0,1.4033824875521055,True,True,False
6,salary_deposit_stopped_flag,7,False,0.42737978768237284,0.0027515835546180335,80.0,1.1709630204379058,True,True,False
6,accounts_closed_90d,11,True,0.4257062885039589,0.001078084376204087,60.0,1.2162197949417128,True,False,False
6,recurring_deposit_change_pct,7,False,0.42578474740334926,0.0011565432755944371,64.0,1.150432943815176,True,False,False
6,cash_pct_of_portfolio_chg,3,True,0.4312996873373922,0.006671483209637419,96.0,1.1545706247578995,True,True,False
6,outflow_vs_baseline_pct,1,False,0.4242877118686666,-0.0003404922590881565,44.0,1.2286281769032759,True,False,False
6,positions_liquidated_pct,3,False,0.42659232272759595,0.00196411859984118,76.0,1.15804703367739,True,False,False
6,pension_deposit_stopped_flag,7,False,0.42565429834252255,0.0010260942147678255,68.0,1.1445619835824141,True,False,False
6,fixed_income_maturity_not_reinvested,3,False,0.4278203025016578,0.0031920983739029385,72.0,1.138344136354077,True,False,False
6,trustee_change_flag,11,False,0.4258347213225375,0.001206517194782686,80.0,1.1460100752252766,True,True,False
6,business_payroll_stopped_flag,6,True,0.42728389186046895,0.0026556877327141583,80.0,1.1368151419160235,True,True,False
6,external_destination_concentration,1,False,0.4247090698245431,8.086569678833477e-05,68.0,1.1450971121285491,True,False,False
7,transfer_to_competitor_pct_90d,1,False,0.43320167306069285,0.0009773753134190155,68.0,1.637177906033531,True,False,False
7,external_transfer_pct_of_balance_60d,1,False,0.43400656245958985,0.001782264712316044,68.0,1.5937791877025562,True,False,False
7,transfer_to_competitor_bank_amount_90d,1,False,0.43401340529230986,0.0017891075450360639,72.0,1.3922032321700277,True,False,False
7,products_closed_180d,11,False,0.4324904838839885,0.0002661861367146301,60.0,1.5245851748928667,True,False,False
7,new_external_destinations_90d,1,False,0.4317860539024808,-0.0004382438447930159,44.0,1.4360609316474353,True,False,False
7,competitor_x_new_destinations,1,True,0.4320594022109809,-0.00016489553629296162,48.0,1.3898043694879532,True,False,False
7,external_transfer_acceleration,1,False,0.43210016003340374,-0.0001241377138701427,56.00000000000001,1.3586267127317395,True,False,False
7,contact_gap_ratio,9,True,0.4353382493421434,0.003113951594869455,76.0,1.371975137229474,True,False,False
7,contact_gap_ratio_peer,9,False,0.43524996640005115,0.0030256686527772737,72.0,1.3819579201648082,True,False,False
7,investment_redemption_pct,3,False,0.4341996809413782,0.001975383194104259,72.0,1.4462391910738253,True,False,False
7,accounts_closed_90d,11,True,0.43203295697805283,-0.00019134076922101785,44.0,1.258171165375911,True,False,False
7,cash_pct_of_portfolio_chg,3,True,0.438479791993147,0.00625549424587315,92.0,1.1989260777429003,True,True,True
7,outflow_vs_baseline_pct,1,False,0.4320857504986193,-0.0001385472486545325,44.0,1.267983154695716,True,False,False
7,positions_liquidated_pct,3,False,0.4338455439123288,0.0016212461650549682,68.0,1.201598816198009,True,False,False
7,fixed_income_maturity_not_reinvested,3,False,0.43456768188961337,0.002343384142339531,72.0,1.1850575120251625,True,False,False
7,trustee_change_flag,11,False,0.432833525352505,0.0006092276052311618,68.0,1.1910002871495822,True,False,False
7,business_payroll_stopped_flag,6,True,0.4323724557777183,0.00014815803044442965,56.00000000000001,1.2566213361493703,True,False,False
7,external_destination_concentration,1,False,0.431976170256377,-0.00024812749089679896,64.0,1.19058664503387,True,False,False
8,transfer_to_competitor_pct_90d,1,False,0.43902674905556965,0.0005469570624225906,56.00000000000001,1.640270501182068,True,False,False
8,external_transfer_pct_of_balance_60d,1,False,0.43994379885881685,0.0014640068656698356,64.0,1.5945380308782522,True,False,False
8,transfer_to_competitor_bank_amount_90d,1,False,0.4396615067849071,0.0011817147917601112,68.0,1.394643835084994,True,False,False
8,products_closed_180d,11,False,0.4385940045206603,0.00011421252751325105,52.0,1.5254760822358246,True,False,False
8,new_external_destinations_90d,1,False,0.4378887485122228,-0.0005910434809241938,40.0,1.4493113090561498,True,False,False
8,competitor_x_new_destinations,1,True,0.4381491606591855,-0.0003306313339614242,44.0,1.3968508477014119,True,False,False
8,external_transfer_acceleration,1,False,0.43859033752627014,0.00011054553312313865,60.0,1.3729763660758438,True,False,False
8,contact_gap_ratio,9,True,0.44134467458815424,0.002864882595007199,76.0,1.3722935159702634,True,False,False
8,contact_gap_ratio_peer,9,False,0.44127545085780256,0.002795658864655577,80.0,1.382246441984955,True,True,True
8,accounts_closed_90d,11,True,0.438284364660328,-0.00019542733281897819,40.0,1.2595572162626727,True,False,False
8,outflow_vs_baseline_pct,1,False,0.4381556490977476,-0.00032414289539939745,36.0,1.282689443377936,True,False,False
8,trustee_change_flag,11,False,0.4387740880647179,0.0002942960715709031,60.0,1.2069411546385846,True,False,False
8,business_payroll_stopped_flag,6,True,0.4383500645427818,-0.00012972745036515576,56.00000000000001,1.258878964383853,True,False,False
8,external_destination_concentration,1,False,0.4382055810084144,-0.00027421098473262795,56.00000000000001,1.2065000947682636,True,False,False
9,transfer_to_competitor_pct_90d,1,False,0.4415265471906661,0.0002510963328635807,52.0,1.641527933422714,True,False,False
9,external_transfer_pct_of_balance_60d,1,False,0.4425639739403756,0.0012885230825729899,64.0,1.6013853962986029,True,False,False
9,transfer_to_competitor_bank_amount_90d,1,False,0.4422197181869422,0.0009442673291396275,68.0,1.3949505491089642,True,False,False
9,products_closed_180d,11,False,0.4413090163238122,3.3565466009610744e-05,60.0,1.5255759799527162,True,False,False
9,new_external_destinations_90d,1,False,0.4407337714501343,-0.000541679407668223,44.0,1.5500660478064712,True,False,False
9,competitor_x_new_destinations,1,True,0.44098219940662603,-0.0002932514511765749,52.0,1.4906605331199831,True,False,False
9,external_transfer_acceleration,1,False,0.44143150926104113,0.0001560584032386103,60.0,1.4672583099810883,True,False,False
9,accounts_closed_90d,11,True,0.44098906498290963,-0.0002863858748928916,40.0,1.3823418126510154,True,False,False
9,outflow_vs_baseline_pct,1,False,0.44096020150429355,-0.00031524935350904395,36.0,1.3839841031710507,True,False,False
9,trustee_change_flag,11,False,0.44156221453758304,0.0002867636797804618,56.00000000000001,1.3823573478043654,True,False,False
9,business_payroll_stopped_flag,6,True,0.44137736419446993,0.0001019133366673941,60.0,1.3825994379499087,True,False,False
9,external_destination_concentration,1,False,0.44086426419049746,-0.0004111866673051523,52.0,1.3822903361811192,True,False,False
