variable,IV preliminar B,AUC univariada B,IV preliminar A,AUC univariada A
multi_signal_count,0.46338415986660425,0.658565563415256,0.6647100814600346,0.6944428895950134
banker_change_6m_flag,0.289415706773547,0.6084920301483401,0.4391001350505393,0.6418740193702611
multi_signal_flag,0.25198850173127013,0.6150847758081192,0.3985899150448994,0.6490988474776767
client_reply_rate,0.2180928361893176,0.5289608846473891,0.2656090715771988,0.5299855153835529
products_closed_180d,0.217277417745054,0.5611089550395479,0.3352281397839407,0.5881879500294105
streams_stopped_count,0.19958506435843426,0.556116660968715,0.2779438234470382,0.5753435033858889
external_transfer_pct_of_balance_60d,0.1914590432218736,0.5821993473539924,0.3247386607283921,0.6089010279645561
aum_vs_baseline_pct,0.18220711535478867,0.5822800638606352,0.3023287653576682,0.5978880772044193
deposit_balance_vs_6m_avg_pct,0.17797508342524185,0.585033608401624,0.281497322421154,0.617116395985954
share_of_wallet,0.17331310815201598,0.609636008832738,0.28331541746033345,0.6426287687560213
transfer_to_competitor_bank_amount_90d,0.17260009346997518,0.5709598212241004,0.2954347888632412,0.6071035848757068
net_external_flow_pct_90d,0.16590137672738295,0.5779999715524373,0.2824353822854948,0.6044752631521636
transfer_to_competitor_pct_90d,0.16283064396932828,0.5685170824161334,0.28602105046995174,0.6008913139870159
outflow_x_contact_gap,0.16057981508807595,0.5803749287487524,0.24031783690462813,0.5937692651416491
ind_sin_dato_client_reply_rate,0.16016795381690369,0.598855855601645,0.19551013442091497,0.6083128650407038
new_external_destinations_90d,0.15984719175536208,0.5545081538401838,0.27006160562843085,0.5797775784174248
net_deposit_flow_pct_90d,0.1486399152907884,0.580139614929557,0.24495860081051674,0.6078355050387629
net_deposit_flow_pct_90d_peer,0.14772468917801387,0.5798713424455448,0.24677042733375387,0.6072095640497245
recurring_deposit_stopped_flag,0.14416289215928663,0.5448904840187071,0.2010949988381092,0.5593943302144858
deposit_balance_change_pct_90d,0.13830705689721703,0.5762572591344179,0.23663323976265688,0.6120584336402256
aum_outflow_pct_90d,0.1372523064270225,0.5713147943298761,0.20907485038282989,0.5847437940334156
aum_outflow_pct_90d_peer,0.1372523064270225,0.5713147943298761,0.20907485038282989,0.5847437940334156
aum_outflow_90d,0.13526503638813195,0.5709979584500792,0.20087543042387127,0.5835244842935904
contact_gap_ratio,0.13104330424850388,0.6020651825723603,0.1984298892954401,0.6240891474460213
share_of_wallet_change,0.13093823145444805,0.5838530115358549,0.22825260525222668,0.6145794389131074
contact_gap_ratio_peer,0.1308777455707045,0.6021082912170544,0.20137713947622105,0.6236228199763914
external_transfer_acceleration,0.1282529886672859,0.5154676486998521,0.25475477436327354,0.542195042180571
investment_redemption_pct,0.12317494444796814,0.5721418450711675,0.16886474803253676,0.5851943607426011
salary_deposit_stopped_flag,0.12225391697054196,0.529478280447028,0.17332435408946759,0.5401780946826251
competitor_x_new_destinations,0.11215947180767663,0.5549928441491074,0.18892013231036714,0.5790268408615958
external_destination_concentration,0.10225334714947006,0.5334051488523319,0.2027558580806644,0.5499168596006625
recurring_deposit_change_pct,0.09872253745374018,0.5630962336393717,0.15073499382451175,0.5867985195965475
repeat_complaint_flag,0.09683954825599206,0.5356587666066676,0.15769728535013985,0.5507873789358678
complaint_escalated_flag,0.09272848832074734,0.5400015540286652,0.133611835810685,0.5520853014383938
cash_pct_of_portfolio_chg,0.0899439855548552,0.5478219639212176,0.1373714972058976,0.5719753811190675
positions_liquidated_pct,0.08257887604006332,0.5478812296767367,0.13873994542591345,0.5649699619009885
meetings_cancelled_by_client,0.06645742013390106,0.5365644163984823,0.09393172535790811,0.5450621155449049
accounts_closed_90d,0.060690606318674185,0.5402708392090824,0.09095049053326086,0.55624184380647
return_vs_benchmark,0.057067841407718166,0.5599679684127102,0.08001975237549667,0.5674298345272984
outflow_vs_baseline_pct,0.05527258281244983,0.5287847905520581,0.09027424463434282,0.528230578588023
pension_deposit_stopped_flag,0.04968042423014875,0.5112771109760132,0.0642913699998881,0.5148336934109896
fixed_income_maturity_not_reinvested,0.0437259194591724,0.5341349807387445,0.05894044292073259,0.5412051709049103
trustee_change_flag,0.03785884987847078,0.513401011527201,0.0634990312843684,0.5198508210592033
complaint_age_days,0.03319452519712986,0.5275546866415816,0.054044673691527156,0.5392006887356794
business_payroll_stopped_flag,0.030879857275053955,0.5120736887618456,0.05324829406217662,0.5172467613547683
relationship_dissatisfaction_flag,0.02696650653406636,0.5105386711701582,0.03582054362939386,0.5135090731354687
tenure_years,0.012164754989739636,0.5302706923681035,0.017750800241000293,0.5318024922633771
aum,0.01093544293090299,0.5054591701293596,0.016961435981506973,0.5021456603749075
recurring_income_monthly,0.007895598577502178,0.5085845123459429,0.018953008625812697,0.5164674633906191
ind_sin_dato_meetings_cancelled_by_client,0.007532327886235866,0.5212818149508145,0.010585611453748372,0.5252827910262624
history_months,0.005528302430524152,0.5054897811797832,0.006749749495962795,0.501920854619116
n_products_held,0.005388936431694501,0.5039507128024757,0.007406818928960035,0.5008601076813362
relationship_value,0.004966257745403571,0.504257674892324,0.015140426095421322,0.5090583299057659
log_rv,0.004966257745403571,0.504257674892324,0.015140426095421322,0.5090583299057659
aum_share,0.003304283605813127,0.5102276813105175,0.009434260513771412,0.5140831468946813
deposit_share,0.0032753916184483593,0.5102276813105175,0.009084492714863406,0.5140831468946813
n_streams_eligible,0.003126106517078495,0.5001505695427597,0.003051046268755786,0.5035390071179414
deposit_balance,0.0028128523674848015,0.5015872865356812,0.011304779598553112,0.5037675859042636
segment_uhnw,0.0022471512105188716,0.5055165025553783,0.0029222294119178862,0.5062287958072175
has_dividend_stream,0.0019078726368063925,0.5109069704399903,0.0038086303785211423,0.5154189907420339
has_credit_anchor,0.001554699522170265,0.5093398687849269,0.01145569368800275,0.5250425110693073
ind_sin_dato_fixed_income_maturity_not_reinvested,0.0011962696887976654,0.5075850040100476,0.002262653023547942,0.5104532049649644
has_investments,0.0009837400470041715,0.5055017954416785,0.0029100929795333338,0.5094119918181594
has_linked_business,3.5014951626829143e-05,0.501251531645773,2.2538451125792437e-05,0.5011808630363171
has_advisory,1.6424577496248258e-05,0.5009691734754005,0.001319964908150821,0.5088677679840307
has_trust,1.2656397374174993e-05,0.5008691236737532,0.00022864393039387978,0.5034337443421258
has_pension_stream,1.2536782414799975e-05,0.5008062674491619,6.181142578230753e-05,0.5017805360912818
ind_sin_dato_relationship_dissatisfaction_flag,1.0195737006895854e-05,0.5007752190980179,0.0004296811722043106,0.5046454125011295
has_payroll_stream,1.1582110835169426e-08,0.5000357435799306,0.0004619795579150521,0.5053806280959149
