variable,% missing,media,mediana,sd,p1,p5,p25,p50,p75,p95,p99,mín,máx
relationship_value,0.0,10377505.931755798,4842369.97,24669206.311301727,1050432.0124000001,1269268.234,2477854.26,4842369.97,10193509.48,31779498.51200004,92355995.66320041,1000062.5,903973258.11
deposit_balance,0.0,3580995.8672304675,1550178.4,9790989.002140068,88145.0212,217062.654,692880.08,1550178.4,3432132.59,11878743.856000006,31916823.666400176,1358.28,419923774.57
aum,14.32308698495749,7932720.525699941,3697372.075,18728724.96627873,588434.162,881121.662,1833855.83,3697372.075,7756118.5375,24686753.09499998,72119135.48739931,113383.25,773011257.6699998
age_primary,0.0,60.492428434874476,60.0,11.695519381382525,34.0,41.0,52.0,60.0,68.0,80.0,87.0,28.0,94.0
tenure_years,0.0,8.988608441917794,7.62,6.174406466682706,0.67,1.63,4.37,7.62,12.14,20.952000000000005,29.25,0.01,50.0
history_months,0.0,23.35141117874931,24.0,2.8111233726828417,8.0,19.0,24.0,24.0,24.0,24.0,24.0,0.0,24.0
recurring_income_monthly,0.0,48610.006890375815,30854.85,68455.52121105649,0.0,0.0,13590.48,30854.85,58770.45,152463.75,310296.89040000277,0.0,2000229.77
aum_outflow_pct_90d,14.458922372591438,0.04951380534787978,0.0,0.21533296649077144,0.0,0.0,0.0,0.0,0.0129177,0.27359381199999994,0.9983474703999997,0.0,7.68412347
deposit_balance_change_pct_90d,0.5534034311012728,-0.012686248015885063,-0.01041302,0.21679133166016964,-0.6354047192,-0.36581867700000004,-0.13188673,-0.01041302,0.10931337499999999,0.327879679,0.5244157708,-0.97553951,1.83936918
salary_deposit_stopped_flag,47.28580771746239,0.03636190112616912,0.0,0.1871979105495812,0.0,0.0,0.0,0.0,0.0,0.0,1.0,0.0,1.0
recurring_deposit_stopped_flag,7.460884439301705,0.0422420354463412,0.0,0.20114632860086343,0.0,0.0,0.0,0.0,0.0,0.0,1.0,0.0,1.0
recurring_deposit_change_pct,7.390451275343361,-0.06689358765591047,-0.0076898999999999995,0.30654940698938343,-1.0,-0.7719396205,-0.0824504475,-0.0076898999999999995,0.019527575,0.32165792249999964,0.6324303736000004,-1.0,3.5607462
net_deposit_flow_pct_90d,0.28676359611611413,-0.0684474468864783,-0.01368249,0.36095138146183214,-1.5475576432,-0.6019273254999999,-0.1711512475,-0.01368249,0.1236595775,0.3156043554999999,0.4690206237000005,-6.94222092,1.71007549
external_transfer_pct_of_balance_60d,0.0804950445238215,0.1232345105175973,0.00863171,0.7241093464802094,0.001078264,0.00219737,0.00513136,0.00863171,0.01467564,0.42636613,3.043961906000007,0.0,30.2215822
new_external_destinations_90d,3.4965034965034967,0.07752059222187467,0.0,0.330703543853424,0.0,0.0,0.0,0.0,0.0,1.0,2.0,0.0,3.0
investment_redemption_pct,14.458922372591438,0.042309827042286655,0.00315122,0.11480062844249266,0.0,0.0,0.0,0.00315122,0.026593385,0.26565639199999963,0.5807974319999997,0.0,1.66927256
products_closed_180d,0.5332796699703175,0.16058874108542814,0.0,0.590736564615383,0.0,0.0,0.0,0.0,0.0,1.0,3.0,0.0,6.0
banker_change_6m_flag,0.5332796699703175,0.14850032876435182,0.0,0.3556042422043657,0.0,0.0,0.0,0.0,0.0,1.0,1.0,0.0,1.0
contact_gap_ratio,0.0,0.49731068283644414,0.26666667,0.6447546199395565,0.0,0.01111111,0.1,0.26666667,0.62222222,1.77777778,3.324888886400018,0.0,12.16666667
client_reply_rate,47.98007747648035,0.6087988112649904,0.66666667,0.2439424684201402,0.0,0.2,0.44444444,0.66666667,0.7521551725,1.0,1.0,0.0,1.0
complaint_escalated_flag,0.0,0.05342858580268652,0.0,0.224892233072095,0.0,0.0,0.0,0.0,0.0,1.0,1.0,0.0,1.0
complaint_age_days,0.0,2.3182572822860594,0.0,18.484556907179368,0.0,0.0,0.0,0.0,0.0,0.0,80.0,0.0,364.0
multi_signal_flag,0.0,0.23962368566685113,0.0,0.4268645475776917,0.0,0.0,0.0,0.0,0.0,1.0,1.0,0.0,1.0
aum_vs_baseline_pct,14.982140161996277,-0.02929767947038286,-0.00182635,0.11747250311034836,-0.641085887,-0.250539554,-0.01367792,-0.00182635,0.00694044,0.04024428199999997,0.0838708076000001,-0.9449063,0.35082937
deposit_balance_vs_6m_avg_pct,0.7948885646727374,-0.02484437657589127,-0.01904318,0.2455079023484508,-0.7649173602,-0.443444228,-0.15330791500000002,-0.01904318,0.118093705,0.34437870999999975,0.5534132587999997,-0.99669039,4.53167019
pension_deposit_stopped_flag,65.729234793983,0.01952436876100998,0.0,0.13836899367498398,0.0,0.0,0.0,0.0,0.0,0.0,1.0,0.0,1.0
business_payroll_stopped_flag,73.8894199325854,0.05645472061657033,0.0,0.23081995281710388,0.0,0.0,0.0,0.0,0.0,1.0,1.0,0.0,1.0
transfer_to_competitor_pct_90d,0.160990089047643,0.06640276301839254,0.00717197,0.4131240269916899,0.0,0.0,0.00273695,0.00717197,0.01393293,0.10925476599999902,1.5920599204000008,0.0,18.58336885
external_transfer_acceleration,0.160990089047643,0.020675633449231543,0.00036974,0.8554684290831986,-0.8697557068,-0.018434178,-0.00358928,0.00036974,0.00461373,0.039202949999999986,1.9743505044000171,-30.70821823,22.5968441
net_external_flow_pct_90d,0.160990089047643,0.0768667673015873,0.08057962,0.24733975824244592,-0.9649070264,-0.163288614,0.01134753,0.08057962,0.17038543,0.34269399399999995,0.531864232400001,-6.29119774,3.97700673
external_destination_concentration,0.160990089047643,0.5981726674351222,0.51592898,0.2576440011624939,0.2290696352,0.275890054,0.38129659,0.51592898,0.91064045,1.0,1.0,0.17100781,1.0
outflow_vs_baseline_pct,0.7697338632590431,4.494282895730581,-0.45494353499999995,80.10319863020085,-1.0,-0.9727299675,-0.779409,-0.45494353499999995,0.051724637500000004,1.5559505479999993,83.64601282110003,-1.0,6390.50417491
fixed_income_maturity_not_reinvested,73.92966745484732,0.3713646486626785,0.116019295,0.42153620056194874,0.0,0.0,0.0,0.116019295,0.84578411,1.0,1.0,0.0,1.0
cash_pct_of_portfolio_chg,14.982140161996277,0.02895154586425232,0.00439726,0.08791120555779366,-0.0244973188,-0.01606251,-0.00451973,0.00439726,0.018247405,0.197422576,0.4730281218000003,-0.05478193,0.81293387
return_vs_benchmark,41.007194244604314,-0.009775545706123144,-0.010756035,0.04156830927572188,-0.10269734,-0.07601277000000001,-0.038076032499999996,-0.010756035,0.017419367499999998,0.0609853925,0.0907483425,-0.15895978,0.15569844
accounts_closed_90d,0.160990089047643,0.22292768959435627,0.0,0.7548728986979195,0.0,0.0,0.0,0.0,0.0,1.0,4.0,0.0,12.0
share_of_wallet,0.0,0.48900456086180005,0.45962966,0.25396687535272827,0.053513704,0.12102797200000001,0.29017422,0.45962966,0.66316659,1.0,1.0,7.702e-05,1.0
share_of_wallet_change,0.7697338632590431,-0.020543934596430745,-0.004896485,0.1186076669631219,-0.4531113307,-0.22435695849999998,-0.0458130675,-0.004896485,0.020914224999999998,0.12895409399999988,0.30837685000000004,-0.97255776,0.89451711
trustee_change_flag,68.19942647280777,0.04572061382692612,0.0,0.20889505216038867,0.0,0.0,0.0,0.0,0.0,0.0,1.0,0.0,1.0
repeat_complaint_flag,0.0,0.03662524525833878,0.0,0.1878446482233835,0.0,0.0,0.0,0.0,0.0,0.0,1.0,0.0,1.0
positions_liquidated_pct,14.564572118528954,0.008594148434813332,0.0,0.03217338905194775,0.0,0.0,0.0,0.0,0.0,0.05255333299999997,0.18598352139999963,0.0,0.42665465
meetings_cancelled_by_client,60.713387332092374,0.31899090792675117,0.0,0.6835667712689831,0.0,0.0,0.0,0.0,0.0,2.0,3.0,0.0,9.0
relationship_dissatisfaction_flag,70.4180711374956,0.04115646258503401,0.0,0.1986688718496626,0.0,0.0,0.0,0.0,0.0,0.0,1.0,0.0,1.0
bureau_new_mortgage_elsewhere,5.051064043869799,0.03973931012557622,0.0,0.1953512718277435,0.0,0.0,0.0,0.0,0.0,0.0,1.0,0.0,1.0
multi_signal_count,0.0,1.7346682094883534,1.0,1.5262616912881948,0.0,0.0,1.0,1.0,2.0,5.0,6.0,0.0,7.0
aum_outflow_90d,14.458922372591438,642809.0378180321,0.0,7394876.568832708,0.0,0.0,0.0,0.0,48975.66,1327624.4359999995,12079482.351399992,0.0,463748492.52
transfer_to_competitor_bank_amount_90d,0.160990089047643,458823.78839959693,12842.62,6978438.310659153,0.0,0.0,2839.89,12842.62,41133.94,480931.9279999983,8076910.247200035,0.0,585607875.46
hard_churn_6m,0.0,0.060371283392866126,0.0,0.2381794398324364,0.0,0.0,0.0,0.0,0.0,1.0,1.0,0.0,1.0
soft_churn_3m,0.0,0.0883433113648941,0.0,0.2838006743531359,0.0,0.0,0.0,0.0,0.0,1.0,1.0,0.0,1.0
value_lost_6m,0.0,1070865.5911656688,0.0,8253833.170309793,0.0,0.0,0.0,0.0,0.0,4695894.972000004,20110904.600800168,0.0,660692163.94
