variable,x,ALE (log-odds)
client_reply_rate,0.0,0.5256933001219295
client_reply_rate,0.33333333,0.30676175927510485
client_reply_rate,0.375,0.2572904070257209
client_reply_rate,0.5,0.04442052444210276
client_reply_rate,0.6,-0.03137205640086904
client_reply_rate,0.66666667,-0.03137205640086904
client_reply_rate,0.75,-0.11695509502897039
client_reply_rate,0.8,-0.31795580039033666
client_reply_rate,0.94444444,-0.31825549132190645
client_reply_rate,1.0,-0.31825549132190645
banker_change_6m_flag,0.0,-0.3846033811569214
banker_change_6m_flag,1.0,0.3846033811569214
multi_signal_count,0.0,-0.26032749687631923
multi_signal_count,1.0,-0.2186468554039796
multi_signal_count,2.0,-0.08768741910656291
multi_signal_count,3.0,0.008424929032723127
multi_signal_count,4.0,0.04918964455525082
multi_signal_count,7.0,0.509047197798888
contact_gap_ratio,0.0,-0.28910931292921305
contact_gap_ratio,0.03333333,-0.13906500581651926
contact_gap_ratio,0.07777778,-0.13041385263204575
contact_gap_ratio,0.13333333,-0.07704747095704079
contact_gap_ratio,0.18888889,-0.06464491039514542
contact_gap_ratio,0.26666667,-0.057771991938352585
contact_gap_ratio,0.3733333360000141,0.0733770914375782
contact_gap_ratio,0.52222222,0.11721272766590118
contact_gap_ratio,0.76666667,0.14495650120079517
contact_gap_ratio,1.24444444,0.1773956213146448
contact_gap_ratio,12.16666667,0.24511060304939747
share_of_wallet,0.00341069,0.27231218767437065
share_of_wallet,0.17276854600000002,0.24195781265470112
share_of_wallet,0.253602634,0.08079548095437611
share_of_wallet,0.32331393700000005,0.051239048215475924
share_of_wallet,0.39386767600000006,0.04265462522479618
share_of_wallet,0.46000633,0.04265462522479618
share_of_wallet,0.531246188,0.0016720659014853312
share_of_wallet,0.615895327,-0.08900393630293285
share_of_wallet,0.716578018,-0.11456223848191177
share_of_wallet,0.8730428849999999,-0.11456223848191177
share_of_wallet,1.0,-0.4151574325832454
