variable,β (muestra ponderada),EE,z,p-valor,β final,VIF (WoE)
intercepto,-0.017593140710342632,0.018952953023574862,-0.9282532747513904,0.353276205369934,1.8070145366250494,
client_reply_rate,0.6444877546132474,0.044655361767256006,14.432483113054175,3.2323118661218227e-47,0.6444877546132474,1.3022746940550618
banker_change_6m_flag,0.7372676387356676,0.03702143020732414,19.9146179552461,3.039621083065162e-88,0.7372676387356676,1.0739834592616795
share_of_wallet,0.48639363506064526,0.04692095564574252,10.366234625163251,3.5316784734989e-25,0.48639363506064526,1.1365926011944683
outflow_x_contact_gap,0.3244626509708337,0.050812112070267666,6.385537576594669,1.7079639563694028e-10,0.3244626509708337,1.278135265541329
return_vs_benchmark,0.72522609789826,0.07620018323377827,9.517379973658375,1.7760017230842656e-21,0.72522609789826,1.0112730243110233
streams_stopped_count,0.48698554231221114,0.05407650098763662,9.005492837333346,2.1469930597610118e-19,0.48698554231221114,1.1410566534539746
cash_pct_of_portfolio_chg,0.5065848295702137,0.06298719219529983,8.042664102242925,8.790604767134842e-16,0.5065848295702137,1.0577411407519877
contact_gap_ratio_peer,0.3386337758249239,0.0580622028711938,5.832258493122539,5.468211802343968e-09,0.3386337758249239,1.382246441984955
