feature,origen,tipo,% NaN,signo propuesto,restricción,fuente del signo,ρ Spearman dev vs A,ρ Spearman dev vs B,dirección observada (A),coincide,entra como feature,estado
segment_uhnw,proveedor (segment → 1 si UHNW),binaria,0.0,?,libre,SPEC §4 (G1-1 de M1),0.01290366235010646,0.016630844315480852,+,—,True,confirmado por el usuario (2026-09-29)
relationship_value,proveedor,continua/conteo,0.0,?,libre,SPEC §4 (G1-1 de M1),0.007448424641351309,0.005098947075016905,≈0,—,True,confirmado por el usuario (2026-09-29)
deposit_balance,proveedor,continua/conteo,0.0,?,libre,SPEC §4 (G1-1 de M1),-0.0030979860503713903,-0.0019009178114836065,≈0,—,True,confirmado por el usuario (2026-09-29)
aum,proveedor,continua/conteo,14.31725979561444,?,libre,SPEC §4 (G1-1 de M1),0.002685242718755351,0.007560643145112015,≈0,—,True,confirmado por el usuario (2026-09-29)
has_investments,proveedor,binaria,0.0,?,libre,SPEC §4 (G1-1 de M1),0.012780811304009715,0.010880542067214099,+,—,True,confirmado por el usuario (2026-09-29)
has_advisory,proveedor,binaria,0.0,?,libre,SPEC §4 (G1-1 de M1),-0.008604176711591726,-0.0013695756885856655,≈0,—,True,confirmado por el usuario (2026-09-29)
has_linked_business,proveedor,binaria,0.0,?,libre,SPEC §4 (G1-1 de M1),-0.0012734465188701395,0.00196565716054145,≈0,—,True,confirmado por el usuario (2026-09-29)
has_trust,proveedor,binaria,0.0,?,libre,SPEC §4 (G1-1 de M1),0.003497110263444168,-0.001290499132597476,≈0,—,True,confirmado por el usuario (2026-09-29)
has_credit_anchor,proveedor,binaria,0.0,−,dura,SPEC §4 (G1-1 de M1),-0.025082026058659234,-0.013622402821323315,−,sí,True,confirmado por el usuario (2026-09-29)
has_payroll_stream,proveedor,binaria,0.0,?,libre,SPEC §4 (G1-1 de M1),0.00512578945128627,4.958526848026769e-05,≈0,—,True,confirmado por el usuario (2026-09-29)
has_pension_stream,proveedor,binaria,0.0,?,libre,SPEC §4 (G1-1 de M1),0.0017805907733570085,0.0011740646340578965,≈0,—,True,confirmado por el usuario (2026-09-29)
has_dividend_stream,proveedor,binaria,0.0,?,libre,SPEC §4 (G1-1 de M1),0.014665742441587755,0.01510954151197108,+,—,True,confirmado por el usuario (2026-09-29)
tenure_years,proveedor,continua/conteo,0.0,−,dura,SPEC §4 (G1-1 de M1),-0.02615035330798855,-0.03625187496566983,−,sí,True,confirmado por el usuario (2026-09-29)
history_months,proveedor,continua/conteo,0.0,?,libre,SPEC §4 (G1-1 de M1),-0.004121289864596872,-0.017170189755590298,≈0,—,True,confirmado por el usuario (2026-09-29)
recurring_income_monthly,proveedor,continua/conteo,0.0,?,libre,SPEC §4 (G1-1 de M1),0.013542568440735304,0.010282108861171452,+,—,True,confirmado por el usuario (2026-09-29)
aum_outflow_pct_90d,proveedor,continua/conteo,14.31725979561444,+,dura,SPEC §4 (G1-1 de M1),0.08959371991886513,0.11122748174401192,+,sí,True,confirmado por el usuario (2026-09-29)
deposit_balance_change_pct_90d,proveedor,continua/conteo,0.02054126226056591,−,dura,SPEC §4 (G1-1 de M1),-0.09215221380190239,-0.09133608386935767,−,sí,True,confirmado por el usuario (2026-09-29)
salary_deposit_stopped_flag,proveedor,binaria,47.12679094130334,+,dura,SPEC §4 (G1-1 de M1),0.1943999554255332,0.21203688510083257,+,sí,True,confirmado por el usuario (2026-09-29)
recurring_deposit_stopped_flag,proveedor,binaria,6.948081959636419,+,dura,SPEC §4 (G1-1 de M1),0.14998620125835146,0.16660886227875596,+,sí,True,confirmado por el usuario (2026-09-29)
recurring_deposit_change_pct,proveedor,continua/conteo,7.014841061983258,−,dura,SPEC §4 (G1-1 de M1),-0.07489794421206108,-0.07947575245757038,−,sí,True,confirmado por el usuario (2026-09-29)
net_deposit_flow_pct_90d,proveedor,continua/conteo,0.02054126226056591,−,dura,SPEC §4 (G1-1 de M1),-0.08868076450869526,-0.09598839572711987,−,sí,True,confirmado por el usuario (2026-09-29)
external_transfer_pct_of_balance_60d,proveedor,continua/conteo,0.0,+,dura,SPEC §4 (G1-1 de M1),0.089546429494249,0.0984410816707013,+,sí,True,confirmado por el usuario (2026-09-29)
new_external_destinations_90d,proveedor,continua/conteo,1.4943768294561701,+,dura,SPEC §4 (G1-1 de M1),0.16184505435906837,0.16266150980244146,+,sí,True,confirmado por el usuario (2026-09-29)
investment_redemption_pct,proveedor,continua/conteo,14.31725979561444,+,dura,SPEC §4 (G1-1 de M1),0.08365477793527862,0.10209194642903079,+,sí,True,confirmado por el usuario (2026-09-29)
products_closed_180d,proveedor,continua/conteo,0.0,+,dura,SPEC §4 (G1-1 de M1),0.14197407222362163,0.1438215790654411,+,sí,True,confirmado por el usuario (2026-09-29)
banker_change_6m_flag,proveedor,binaria,0.0,+,dura,SPEC §4 (G1-1 de M1),0.1895726841233685,0.21205713606874627,+,sí,True,confirmado por el usuario (2026-09-29)
contact_gap_ratio,proveedor,continua/conteo,0.0,+,dura,SPEC §4 (G1-1 de M1),0.10204905978717724,0.12224892025998968,+,sí,True,confirmado por el usuario (2026-09-29)
client_reply_rate,proveedor,continua/conteo,47.96898269398655,−,dura,SPEC §4 (G1-1 de M1),-0.06446680592417718,-0.0899063538399775,−,sí,True,confirmado por el usuario (2026-09-29)
complaint_escalated_flag,proveedor,binaria,0.0,+,dura,SPEC §4 (G1-1 de M1),0.10954843706240902,0.12350030288458684,+,sí,True,confirmado por el usuario (2026-09-29)
complaint_age_days,proveedor,continua/conteo,0.0,+,dura,SPEC §4 (G1-1 de M1),0.10218529182854,0.10492819669170501,+,sí,True,confirmado por el usuario (2026-09-29)
aum_vs_baseline_pct,proveedor,continua/conteo,14.31725979561444,−,dura,SPEC §4 (G1-1 de M1),-0.0915304619405241,-0.11124551725482268,−,sí,True,confirmado por el usuario (2026-09-29)
deposit_balance_vs_6m_avg_pct,proveedor,continua/conteo,0.02567657782570739,−,dura,SPEC §4 (G1-1 de M1),-0.09631635693443973,-0.10185192382663476,−,sí,True,confirmado por el usuario (2026-09-29)
pension_deposit_stopped_flag,proveedor,binaria,66.24557079032508,+,dura,SPEC §4 (G1-1 de M1),0.15211672862315512,0.17001578373090326,+,sí,True,confirmado por el usuario (2026-09-29)
business_payroll_stopped_flag,proveedor,binaria,73.84070251116931,+,dura,SPEC §4 (G1-1 de M1),0.13993108815471167,0.14102238137452752,+,sí,True,confirmado por el usuario (2026-09-29)
transfer_to_competitor_pct_90d,proveedor,continua/conteo,0.0,+,dura,SPEC §4 (G1-1 de M1),0.0831180821261025,0.08221329795317918,+,sí,True,confirmado por el usuario (2026-09-29)
external_transfer_acceleration,proveedor,continua/conteo,0.0,+,dura,SPEC §4 (G1-1 de M1),0.03469586504403144,0.018523894870733252,+,sí,True,confirmado por el usuario (2026-09-29)
net_external_flow_pct_90d,proveedor,continua/conteo,0.0,−,dura,SPEC §4 (G1-1 de M1),-0.08590724036034378,-0.09341195296937514,−,sí,True,confirmado por el usuario (2026-09-29)
external_destination_concentration,proveedor,continua/conteo,0.0,+,dura,SPEC §4 (G1-1 de M1),0.041226487023662516,0.040183153386478244,+,sí,True,confirmado por el usuario (2026-09-29)
outflow_vs_baseline_pct,proveedor,continua/conteo,0.0,+,dura,SPEC §4 (G1-1 de M1),0.02321333356483121,0.03447248315665676,+,sí,True,confirmado por el usuario (2026-09-29)
fixed_income_maturity_not_reinvested,proveedor,continua/conteo,73.902326297951,+,dura,SPEC §4 (G1-1 de M1),0.10122679954671598,0.1233145537170682,+,sí,True,confirmado por el usuario (2026-09-29)
cash_pct_of_portfolio_chg,proveedor,continua/conteo,14.31725979561444,+,dura,SPEC §4 (G1-1 de M1),0.06811469584209916,0.0669249549434015,+,sí,True,confirmado por el usuario (2026-09-29)
return_vs_benchmark,proveedor,continua/conteo,39.78328968315103,−,dura,SPEC §4 (G1-1 de M1),-0.0792972246335203,-0.10066176346062329,−,sí,True,confirmado por el usuario (2026-09-29)
accounts_closed_90d,proveedor,continua/conteo,0.0,+,dura,SPEC §4 (G1-1 de M1),0.07526696963116412,0.07871409956958146,+,sí,True,confirmado por el usuario (2026-09-29)
share_of_wallet,proveedor,continua/conteo,0.0,−,dura,SPEC §4 (G1-1 de M1),-0.11729193690163535,-0.13131260856580662,−,sí,True,confirmado por el usuario (2026-09-29)
share_of_wallet_change,proveedor,continua/conteo,0.0,−,dura,SPEC §4 (G1-1 de M1),-0.09421876491427705,-0.10042486471359341,−,sí,True,confirmado por el usuario (2026-09-29)
trustee_change_flag,proveedor,binaria,68.14050223386226,+,dura,SPEC §4 (G1-1 de M1),0.14134216543906325,0.1437380498509335,+,sí,True,confirmado por el usuario (2026-09-29)
repeat_complaint_flag,proveedor,binaria,0.0,+,dura,SPEC §4 (G1-1 de M1),0.12621946140016171,0.12984797405011564,+,sí,True,confirmado por el usuario (2026-09-29)
positions_liquidated_pct,proveedor,continua/conteo,14.31725979561444,+,dura,SPEC §4 (G1-1 de M1),0.10510067793189026,0.1142336302792024,+,sí,True,confirmado por el usuario (2026-09-29)
meetings_cancelled_by_client,proveedor,continua/conteo,60.68915934884198,+,dura,SPEC §4 (G1-1 de M1),0.10703464424334894,0.12902277808590748,+,sí,True,confirmado por el usuario (2026-09-29)
relationship_dissatisfaction_flag,proveedor,binaria,70.49247676269707,+,dura,SPEC §4 (G1-1 de M1),0.10433006411601953,0.1235897039826558,+,sí,True,confirmado por el usuario (2026-09-29)
aum_outflow_90d,proveedor,continua/conteo,14.31725979561444,+,dura,SPEC §4 (G1-1 de M1),0.08810148393335275,0.11065970208763065,+,sí,True,confirmado por el usuario (2026-09-29)
transfer_to_competitor_bank_amount_90d,proveedor,continua/conteo,0.0,+,dura,SPEC §4 (G1-1 de M1),0.0882359859508294,0.0851443277963178,+,sí,True,confirmado por el usuario (2026-09-29)
app_business_payroll_stopped_flag,indicador de aplicabilidad (fase 2),binaria,0.0,?,libre,hereda de has_linked_business (duplicado exacto: True),-0.0012734465188701395,0.00196565716054145,≈0,—,False,confirmado por el usuario (2026-09-29)
app_trustee_change_flag,indicador de aplicabilidad (fase 2),binaria,0.0,?,libre,hereda de has_trust (duplicado exacto: True),0.003497110263444168,-0.001290499132597476,≈0,—,False,confirmado por el usuario (2026-09-29)
app_pension_deposit_stopped_flag,indicador de aplicabilidad (fase 2),binaria,0.0,?,libre,hereda de has_pension_stream (duplicado exacto: True),0.0017805907733570085,0.0011740646340578965,≈0,—,False,confirmado por el usuario (2026-09-29)
app_salary_deposit_stopped_flag,indicador de aplicabilidad (fase 2),binaria,0.0,?,libre,hereda de has_payroll_stream (duplicado exacto: True),0.00512578945128627,4.958526848026769e-05,≈0,—,False,confirmado por el usuario (2026-09-29)
app_return_vs_benchmark,indicador de aplicabilidad (fase 2),binaria,0.0,?,libre,hereda de has_advisory (duplicado exacto: True),-0.008604176711591726,-0.0013695756885856655,≈0,—,False,confirmado por el usuario (2026-09-29)
app_aum,indicador de aplicabilidad (fase 2),binaria,0.0,?,libre,hereda de has_investments (duplicado exacto: True),0.012780811304009715,0.010880542067214099,+,—,False,confirmado por el usuario (2026-09-29)
app_aum_outflow_pct_90d,indicador de aplicabilidad (fase 2),binaria,0.0,?,libre,hereda de has_investments (duplicado exacto: True),0.012780811304009715,0.010880542067214099,+,—,False,confirmado por el usuario (2026-09-29)
app_investment_redemption_pct,indicador de aplicabilidad (fase 2),binaria,0.0,?,libre,hereda de has_investments (duplicado exacto: True),0.012780811304009715,0.010880542067214099,+,—,False,confirmado por el usuario (2026-09-29)
app_aum_vs_baseline_pct,indicador de aplicabilidad (fase 2),binaria,0.0,?,libre,hereda de has_investments (duplicado exacto: True),0.012780811304009715,0.010880542067214099,+,—,False,confirmado por el usuario (2026-09-29)
app_cash_pct_of_portfolio_chg,indicador de aplicabilidad (fase 2),binaria,0.0,?,libre,hereda de has_investments (duplicado exacto: True),0.012780811304009715,0.010880542067214099,+,—,False,confirmado por el usuario (2026-09-29)
app_positions_liquidated_pct,indicador de aplicabilidad (fase 2),binaria,0.0,?,libre,hereda de has_investments (duplicado exacto: True),0.012780811304009715,0.010880542067214099,+,—,False,confirmado por el usuario (2026-09-29)
app_aum_outflow_90d,indicador de aplicabilidad (fase 2),binaria,0.0,?,libre,hereda de has_investments (duplicado exacto: True),0.012780811304009715,0.010880542067214099,+,—,False,confirmado por el usuario (2026-09-29)
miss_fixed_income_maturity_not_reinvested,indicador de missing 'sin regla' (fase 2),binaria,0.0,?,libre,propuesta: libre (sin hipótesis de negocio),0.011319931502167868,0.011964521320291736,+,—,True,confirmado por el usuario (2026-09-29)
miss_relationship_dissatisfaction_flag,indicador de missing 'sin regla' (fase 2),binaria,0.0,?,libre,propuesta: libre (sin hipótesis de negocio),-0.004825172712304332,0.0011725547605428192,≈0,—,True,confirmado por el usuario (2026-09-29)
miss_meetings_cancelled_by_client,indicador de missing 'sin regla' (fase 2),binaria,0.0,?,libre,propuesta: libre (sin hipótesis de negocio),-0.02460099254321788,-0.030170904743702147,−,—,True,confirmado por el usuario (2026-09-29)
miss_client_reply_rate,indicador de missing 'sin regla' (fase 2),binaria,0.0,?,libre,propuesta: libre (sin hipótesis de negocio),0.10290023833028253,0.13680534060203248,+,—,True,confirmado por el usuario (2026-09-29)
miss_recurring_deposit_change_pct,indicador de missing 'sin regla' (fase 2),binaria,0.0,?,libre,propuesta: libre (sin hipótesis de negocio),-0.00886785102508148,-0.014263191508894378,≈0,—,True,confirmado por el usuario (2026-09-29)
miss_recurring_deposit_stopped_flag,indicador de missing 'sin regla' (fase 2),binaria,0.0,?,libre,propuesta: libre (sin hipótesis de negocio),-0.00947804310452632,-0.014115292621412182,≈0,—,True,confirmado por el usuario (2026-09-29)
