variable,desde,hasta,puntos,bins EBM unidos
banker_change_6m_flag,-inf,0.5,7,1
banker_change_6m_flag,0.5,inf,-43,1
banker_change_6m_flag,missing,,0,1
client_reply_rate,-inf,0.118056,-9,2
client_reply_rate,0.118056,0.183333,-8,3
client_reply_rate,0.183333,0.261364,-7,3
client_reply_rate,0.261364,0.292857,-6,2
client_reply_rate,0.292857,0.369318,-5,5
client_reply_rate,0.369318,0.405882,-4,3
client_reply_rate,0.405882,0.422619,2,2
client_reply_rate,0.422619,0.458042,5,5
client_reply_rate,0.458042,0.468627,6,3
client_reply_rate,0.468627,0.540064,7,5
client_reply_rate,0.540064,0.563859,8,6
client_reply_rate,0.563859,0.58114,9,4
client_reply_rate,0.58114,0.597619,10,4
client_reply_rate,0.597619,0.614144,11,4
client_reply_rate,0.614144,0.630604,12,5
client_reply_rate,0.630604,0.63961,13,3
client_reply_rate,0.63961,0.651484,14,5
client_reply_rate,0.651484,0.675666,15,6
client_reply_rate,0.675666,0.683569,16,5
client_reply_rate,0.683569,0.69398,17,5
client_reply_rate,0.69398,0.703203,18,4
client_reply_rate,0.703203,0.711982,19,5
client_reply_rate,0.711982,0.724569,20,6
client_reply_rate,0.724569,0.737986,21,5
client_reply_rate,0.737986,0.746429,22,4
client_reply_rate,0.746429,0.762531,23,3
client_reply_rate,0.762531,0.77033,24,5
client_reply_rate,0.77033,0.784749,25,7
client_reply_rate,0.784749,0.79057,26,4
client_reply_rate,0.79057,0.811012,27,6
client_reply_rate,0.811012,0.84413,28,7
client_reply_rate,0.84413,0.885621,29,12
client_reply_rate,0.885621,inf,30,11
client_reply_rate,missing,,-14,1
share_of_wallet,-inf,0.0757134,-21,20
share_of_wallet,0.0757134,0.10166,-20,17
share_of_wallet,0.10166,0.119499,-19,15
share_of_wallet,0.119499,0.14175,-18,21
share_of_wallet,0.14175,0.158058,-17,18
share_of_wallet,0.158058,0.169807,-16,14
share_of_wallet,0.169807,0.18987,-15,24
share_of_wallet,0.18987,0.196938,-14,9
share_of_wallet,0.196938,0.197501,-13,1
share_of_wallet,0.197501,0.21017,-12,18
share_of_wallet,0.21017,0.219674,-10,13
share_of_wallet,0.219674,0.227289,-9,11
share_of_wallet,0.227289,0.247166,-8,27
share_of_wallet,0.247166,0.270665,-7,33
share_of_wallet,0.270665,0.29333,-6,36
share_of_wallet,0.29333,0.314496,-5,34
share_of_wallet,0.314496,0.338599,-4,37
share_of_wallet,0.338599,0.3682,-3,46
share_of_wallet,0.3682,0.395203,-2,42
share_of_wallet,0.395203,0.416288,-1,36
share_of_wallet,0.416288,0.457441,0,67
share_of_wallet,0.457441,0.48771,1,48
share_of_wallet,0.48771,0.518914,2,48
share_of_wallet,0.518914,0.541864,3,32
share_of_wallet,0.541864,0.567595,4,33
share_of_wallet,0.567595,0.614302,5,58
share_of_wallet,0.614302,0.661107,6,56
share_of_wallet,0.661107,0.708646,7,49
share_of_wallet,0.708646,0.7816,8,59
share_of_wallet,0.7816,0.855216,9,47
share_of_wallet,0.855216,0.955739,10,41
share_of_wallet,0.955739,0.983761,11,7
share_of_wallet,0.983761,0.988486,13,1
share_of_wallet,0.988486,inf,21,4
share_of_wallet,missing,,0,1
transfer_to_competitor_pct_90d,-inf,0.00412039,5,210
transfer_to_competitor_pct_90d,0.00412039,0.00647419,4,163
transfer_to_competitor_pct_90d,0.00647419,0.00892897,3,148
transfer_to_competitor_pct_90d,0.00892897,0.0110416,2,99
transfer_to_competitor_pct_90d,0.0110416,0.0130534,1,73
transfer_to_competitor_pct_90d,0.0130534,0.0144206,0,43
transfer_to_competitor_pct_90d,0.0144206,0.0164935,-1,52
transfer_to_competitor_pct_90d,0.0164935,0.0180793,-2,29
transfer_to_competitor_pct_90d,0.0180793,0.0206782,-3,36
transfer_to_competitor_pct_90d,0.0206782,0.0226653,-4,22
transfer_to_competitor_pct_90d,0.0226653,0.0245218,-5,16
transfer_to_competitor_pct_90d,0.0245218,0.0277554,-6,21
transfer_to_competitor_pct_90d,0.0277554,0.031522,-7,16
transfer_to_competitor_pct_90d,0.031522,0.0364595,-8,13
transfer_to_competitor_pct_90d,0.0364595,0.0400688,-9,6
transfer_to_competitor_pct_90d,0.0400688,0.0514402,-10,10
transfer_to_competitor_pct_90d,0.0514402,0.10282,-11,7
transfer_to_competitor_pct_90d,0.10282,0.118047,-12,1
transfer_to_competitor_pct_90d,0.118047,0.147082,-36,1
transfer_to_competitor_pct_90d,0.147082,0.270505,-39,5
transfer_to_competitor_pct_90d,0.270505,0.311229,-40,2
transfer_to_competitor_pct_90d,0.311229,0.430889,-41,7
transfer_to_competitor_pct_90d,0.430889,0.75759,-42,14
transfer_to_competitor_pct_90d,0.75759,1.13998,-43,10
transfer_to_competitor_pct_90d,1.13998,2.97925,-44,15
transfer_to_competitor_pct_90d,2.97925,4.8671,-45,2
transfer_to_competitor_pct_90d,4.8671,inf,-48,1
transfer_to_competitor_pct_90d,missing,,0,1
repeat_complaint_flag,-inf,0.5,2,1
repeat_complaint_flag,0.5,inf,-40,1
repeat_complaint_flag,missing,,0,1
contact_gap_ratio,-inf,0.00555556,12,1
contact_gap_ratio,0.00555556,0.0388889,9,3
contact_gap_ratio,0.0388889,0.0833333,7,4
contact_gap_ratio,0.0833333,0.0944444,6,1
contact_gap_ratio,0.0944444,0.116667,5,2
contact_gap_ratio,0.116667,0.272222,4,14
contact_gap_ratio,0.272222,0.338889,3,6
contact_gap_ratio,0.338889,0.35,-1,1
contact_gap_ratio,0.35,0.438889,-2,8
contact_gap_ratio,0.438889,0.55,-3,10
contact_gap_ratio,0.55,0.672222,-4,11
contact_gap_ratio,0.672222,0.783333,-5,10
contact_gap_ratio,0.783333,0.883333,-6,9
contact_gap_ratio,0.883333,0.983333,-7,9
contact_gap_ratio,0.983333,1.09444,-8,10
contact_gap_ratio,1.09444,1.21667,-9,11
contact_gap_ratio,1.21667,1.30556,-10,8
contact_gap_ratio,1.30556,1.42778,-11,11
contact_gap_ratio,1.42778,1.49444,-12,6
contact_gap_ratio,1.49444,1.56111,-13,6
contact_gap_ratio,1.56111,1.62778,-14,6
contact_gap_ratio,1.62778,1.73889,-15,9
contact_gap_ratio,1.73889,1.83889,-16,8
contact_gap_ratio,1.83889,1.98333,-17,13
contact_gap_ratio,1.98333,2.08333,-18,8
contact_gap_ratio,2.08333,2.18333,-19,8
contact_gap_ratio,2.18333,2.28333,-20,9
contact_gap_ratio,2.28333,2.41667,-21,11
contact_gap_ratio,2.41667,2.51667,-22,9
contact_gap_ratio,2.51667,2.65,-23,9
contact_gap_ratio,2.65,2.71667,-24,6
contact_gap_ratio,2.71667,2.82778,-25,7
contact_gap_ratio,2.82778,2.95556,-26,8
contact_gap_ratio,2.95556,3.09444,-27,6
contact_gap_ratio,3.09444,3.23889,-28,5
contact_gap_ratio,3.23889,3.38333,-29,6
contact_gap_ratio,3.38333,3.47778,-30,3
contact_gap_ratio,3.47778,3.52778,-32,2
contact_gap_ratio,3.52778,3.67222,-33,5
contact_gap_ratio,3.67222,3.88333,-34,5
contact_gap_ratio,3.88333,4.07778,-35,4
contact_gap_ratio,4.07778,inf,-42,5
contact_gap_ratio,missing,,0,1
recurring_deposit_change_pct,-inf,-0.517298,-13,49
recurring_deposit_change_pct,-0.517298,-0.328017,-12,47
recurring_deposit_change_pct,-0.328017,-0.279585,-11,16
recurring_deposit_change_pct,-0.279585,-0.275902,-8,1
recurring_deposit_change_pct,-0.275902,-0.274439,-7,1
recurring_deposit_change_pct,-0.274439,-0.266045,-6,2
recurring_deposit_change_pct,-0.266045,-0.184087,-5,33
recurring_deposit_change_pct,-0.184087,-0.132671,-4,25
recurring_deposit_change_pct,-0.132671,-0.100021,-3,22
recurring_deposit_change_pct,-0.100021,-0.0783477,-2,51
recurring_deposit_change_pct,-0.0783477,-0.0652565,-1,63
recurring_deposit_change_pct,-0.0652565,-0.0403512,0,61
recurring_deposit_change_pct,-0.0403512,-0.0139458,1,77
recurring_deposit_change_pct,-0.0139458,-0.00337144,2,98
recurring_deposit_change_pct,-0.00337144,0.0101002,3,163
recurring_deposit_change_pct,0.0101002,0.280049,4,258
recurring_deposit_change_pct,0.280049,0.499416,5,36
recurring_deposit_change_pct,0.499416,0.641306,6,10
recurring_deposit_change_pct,0.641306,0.682147,7,1
recurring_deposit_change_pct,0.682147,1.41828,8,7
recurring_deposit_change_pct,1.41828,inf,11,1
recurring_deposit_change_pct,missing,,4,1
return_vs_benchmark,-inf,-0.0486026,-9,176
return_vs_benchmark,-0.0486026,-0.0422939,-8,42
return_vs_benchmark,-0.0422939,-0.0417069,-6,5
return_vs_benchmark,-0.0417069,-0.0398836,-5,15
return_vs_benchmark,-0.0398836,-0.0339909,-4,47
return_vs_benchmark,-0.0339909,-0.0244625,-3,89
return_vs_benchmark,-0.0244625,-0.017854,-2,69
return_vs_benchmark,-0.017854,-0.013314,-1,44
return_vs_benchmark,-0.013314,-0.0120619,0,11
return_vs_benchmark,-0.0120619,-0.00513032,1,65
return_vs_benchmark,-0.00513032,0.00290884,2,73
return_vs_benchmark,0.00290884,0.00715939,3,38
return_vs_benchmark,0.00715939,0.00770525,4,6
return_vs_benchmark,0.00770525,0.00827681,5,4
return_vs_benchmark,0.00827681,0.00904898,8,9
return_vs_benchmark,0.00904898,0.00944306,9,3
return_vs_benchmark,0.00944306,0.0170788,10,67
return_vs_benchmark,0.0170788,0.0234902,11,48
return_vs_benchmark,0.0234902,0.0263169,13,19
return_vs_benchmark,0.0263169,0.0345056,14,48
return_vs_benchmark,0.0345056,0.0439402,15,45
return_vs_benchmark,0.0439402,0.0672196,16,61
return_vs_benchmark,0.0672196,inf,17,38
return_vs_benchmark,missing,,-3,1
cash_pct_of_portfolio_chg,-inf,-0.00835666,3,167
cash_pct_of_portfolio_chg,-0.00835666,0.00259711,2,294
cash_pct_of_portfolio_chg,0.00259711,0.00825895,1,151
cash_pct_of_portfolio_chg,0.00825895,0.0132913,0,95
cash_pct_of_portfolio_chg,0.0132913,0.018141,-1,61
cash_pct_of_portfolio_chg,0.018141,0.0237378,-2,46
cash_pct_of_portfolio_chg,0.0237378,0.0347855,-3,43
cash_pct_of_portfolio_chg,0.0347855,0.0413973,-4,19
cash_pct_of_portfolio_chg,0.0413973,0.0478364,-6,15
cash_pct_of_portfolio_chg,0.0478364,0.0670124,-7,30
cash_pct_of_portfolio_chg,0.0670124,0.110197,-9,27
cash_pct_of_portfolio_chg,0.110197,0.164747,-10,18
cash_pct_of_portfolio_chg,0.164747,0.250487,-11,17
cash_pct_of_portfolio_chg,0.250487,0.352475,-12,18
cash_pct_of_portfolio_chg,0.352475,0.454794,-13,10
cash_pct_of_portfolio_chg,0.454794,0.566198,-14,7
cash_pct_of_portfolio_chg,0.566198,inf,-15,4
cash_pct_of_portfolio_chg,missing,,3,1
complaint_age_days,-inf,0.5,1,1
complaint_age_days,0.5,1.5,0,1
complaint_age_days,1.5,2.5,-1,1
complaint_age_days,2.5,3.5,-2,1
complaint_age_days,3.5,6.5,-3,3
complaint_age_days,6.5,8.5,-4,2
complaint_age_days,8.5,11.5,-5,3
complaint_age_days,11.5,15.5,-6,4
complaint_age_days,15.5,17.5,-7,2
complaint_age_days,17.5,19.5,-8,2
complaint_age_days,19.5,22.5,-9,3
complaint_age_days,22.5,25.5,-10,3
complaint_age_days,25.5,27.5,-11,2
complaint_age_days,27.5,30.5,-12,3
complaint_age_days,30.5,33.5,-13,3
complaint_age_days,33.5,35.5,-14,2
complaint_age_days,35.5,37.5,-15,2
complaint_age_days,37.5,40.5,-16,2
complaint_age_days,40.5,42.5,-17,2
complaint_age_days,42.5,45.5,-18,3
complaint_age_days,45.5,51.5,-19,4
complaint_age_days,51.5,53.5,-20,2
complaint_age_days,53.5,56.5,-21,2
complaint_age_days,56.5,60.5,-22,3
complaint_age_days,60.5,63.5,-23,2
complaint_age_days,63.5,67.5,-24,3
complaint_age_days,67.5,71.5,-25,2
complaint_age_days,71.5,78.5,-26,4
complaint_age_days,78.5,85.5,-27,3
complaint_age_days,85.5,89.5,-28,2
complaint_age_days,89.5,95.5,-29,3
complaint_age_days,95.5,100,-30,2
complaint_age_days,100,102.5,-31,2
complaint_age_days,102.5,109.5,-32,3
complaint_age_days,109.5,111.5,-33,1
complaint_age_days,111.5,115,-34,2
complaint_age_days,115,125.5,-35,2
complaint_age_days,125.5,129.5,-36,2
complaint_age_days,129.5,140,-37,2
complaint_age_days,140,142,-38,1
complaint_age_days,142,151.5,-39,2
complaint_age_days,151.5,161,-40,2
complaint_age_days,161,183.5,-41,4
complaint_age_days,183.5,186.5,-42,1
complaint_age_days,186.5,196,-43,3
complaint_age_days,196,198,-44,1
complaint_age_days,198,205.5,-46,2
complaint_age_days,205.5,212,-47,1
complaint_age_days,212,229,-48,3
complaint_age_days,229,234,-49,1
complaint_age_days,234,241.5,-50,1
complaint_age_days,241.5,261.5,-51,2
complaint_age_days,261.5,287,-52,1
complaint_age_days,287,306,-53,2
complaint_age_days,306,inf,-54,3
complaint_age_days,missing,,0,1
meetings_cancelled_by_client,-inf,0.5,0,1
meetings_cancelled_by_client,0.5,1.5,-12,1
meetings_cancelled_by_client,1.5,2.5,-17,1
meetings_cancelled_by_client,2.5,3.5,-29,1
meetings_cancelled_by_client,3.5,4.5,-31,1
meetings_cancelled_by_client,4.5,5.5,-35,1
meetings_cancelled_by_client,5.5,6.5,-37,1
meetings_cancelled_by_client,6.5,7.5,-38,1
meetings_cancelled_by_client,7.5,inf,-60,1
meetings_cancelled_by_client,missing,,2,1
positions_liquidated_pct,-inf,0.00977684,2,13
positions_liquidated_pct,0.00977684,0.0134795,1,42
positions_liquidated_pct,0.0134795,0.0157426,0,40
positions_liquidated_pct,0.0157426,0.0177309,-1,36
positions_liquidated_pct,0.0177309,0.0203794,-2,35
positions_liquidated_pct,0.0203794,0.0234501,-3,43
positions_liquidated_pct,0.0234501,0.0267092,-4,43
positions_liquidated_pct,0.0267092,0.0294052,-5,42
positions_liquidated_pct,0.0294052,0.0320572,-6,37
positions_liquidated_pct,0.0320572,0.0344172,-7,33
positions_liquidated_pct,0.0344172,0.0362478,-8,35
positions_liquidated_pct,0.0362478,0.0385686,-9,32
positions_liquidated_pct,0.0385686,0.0405965,-10,16
positions_liquidated_pct,0.0405965,0.0427812,-11,33
positions_liquidated_pct,0.0427812,0.0444176,-12,21
positions_liquidated_pct,0.0444176,0.0457188,-13,24
positions_liquidated_pct,0.0457188,0.0473915,-14,24
positions_liquidated_pct,0.0473915,0.0486871,-15,25
positions_liquidated_pct,0.0486871,0.0498185,-16,17
positions_liquidated_pct,0.0498185,0.0515937,-17,26
positions_liquidated_pct,0.0515937,0.052759,-18,21
positions_liquidated_pct,0.052759,0.0540687,-19,23
positions_liquidated_pct,0.0540687,0.0547071,-20,17
positions_liquidated_pct,0.0547071,0.0559713,-21,18
positions_liquidated_pct,0.0559713,0.0574674,-22,18
positions_liquidated_pct,0.0574674,0.0589178,-23,13
positions_liquidated_pct,0.0589178,0.0600727,-24,9
positions_liquidated_pct,0.0600727,0.0618951,-25,13
positions_liquidated_pct,0.0618951,0.0711139,-26,21
positions_liquidated_pct,0.0711139,0.0772543,-27,13
positions_liquidated_pct,0.0772543,0.0858846,-28,19
positions_liquidated_pct,0.0858846,0.0950245,-29,19
positions_liquidated_pct,0.0950245,0.106198,-30,19
positions_liquidated_pct,0.106198,0.115247,-31,11
positions_liquidated_pct,0.115247,0.12182,-32,13
positions_liquidated_pct,0.12182,0.129966,-33,9
positions_liquidated_pct,0.129966,0.140108,-34,18
positions_liquidated_pct,0.140108,0.150647,-35,13
positions_liquidated_pct,0.150647,0.162308,-36,19
positions_liquidated_pct,0.162308,0.188639,-37,27
positions_liquidated_pct,0.188639,0.201658,-38,18
positions_liquidated_pct,0.201658,0.217984,-39,16
positions_liquidated_pct,0.217984,0.234382,-40,12
positions_liquidated_pct,0.234382,0.337163,-41,22
positions_liquidated_pct,0.337163,0.341622,-43,1
positions_liquidated_pct,0.341622,inf,-57,3
positions_liquidated_pct,missing,,2,1
