archivo,sha256 (12),modelo
churn_scorecard/outputs/model/MANIFEST.json,eb597110f6b0,M1 · churn_scorecard (1.0.0)
churn_scorecard/outputs/model/step07_kmeans.pkl,774b25cc6631,M1 · churn_scorecard (1.0.0)
churn_scorecard/outputs/model/step09_binning.pkl,8d10dccd7b06,M1 · churn_scorecard (1.0.0)
churn_scorecard/outputs/model/step10_selection.pkl,ffffe1e79671,M1 · churn_scorecard (1.0.0)
churn_scorecard/outputs/model/step11A_champion.pkl,20915054f175,M1 · churn_scorecard (1.0.0)
churn_scorecard/outputs/model/step11B_challenger.pkl,4fd25c9ae46c,M1 · churn_scorecard (1.0.0)
churn_scorecard/outputs/model/step11B_xgb.json,edd02eb306d0,M1 · churn_scorecard (1.0.0)
churn_scorecard/outputs/model/step12_scaling.pkl,68cdbcd0622d,M1 · churn_scorecard (1.0.0)
churn_scorecard/outputs/model/step14_calibrator.pkl,3b69ad71d0d3,M1 · churn_scorecard (1.0.0)
churn_scorecard/outputs/model/step16_archetypes.pkl,bfe832eedf68,M1 · churn_scorecard (1.0.0)
scorecard/outputs/data/05_features.pkl,4e0da371aea6,M1 previo · scorecard/
scorecard/outputs/data/05_predictor_meta.csv,d683d0e1c2cc,M1 previo · scorecard/
scorecard/outputs/data/07_clusters.csv,ff1e4c641e2c,M1 previo · scorecard/
scorecard/outputs/data/11_oof_dev.csv,7f592f520320,M1 previo · scorecard/
scorecard/outputs/data/11_pred_holdout.csv,2fbf205c15b2,M1 previo · scorecard/
scorecard/outputs/data/16_archetype_assignment.csv,9a66bfd1cc4f,M1 previo · scorecard/
scorecard/outputs/models/07_kmeans.pkl,9debb8d876c8,M1 previo · scorecard/
scorecard/outputs/models/09_binning.pkl,3825ab4ab86a,M1 previo · scorecard/
scorecard/outputs/models/10_final_vars.json,0f075c82cb6c,M1 previo · scorecard/
scorecard/outputs/models/11_final_vars.json,244a953c95b0,M1 previo · scorecard/
scorecard/outputs/models/11_modelA.pkl,77bca76f319d,M1 previo · scorecard/
scorecard/outputs/models/11_modelA2_l2.pkl,b97a532f43b5,M1 previo · scorecard/
scorecard/outputs/models/11_modelA_lite.pkl,f8a06d2a8adc,M1 previo · scorecard/
scorecard/outputs/models/16_archetypes.pkl,0c902cb48563,M1 previo · scorecard/
scorecard/outputs/scored/scored_households.csv,648748bbbdfa,M1 previo · scorecard/
scorecard/outputs/tables/00_columns.csv,5d74a201625c,M1 previo · scorecard/
scorecard/outputs/tables/00_facts_qc.csv,b8ac7c73afe3,M1 previo · scorecard/
scorecard/outputs/tables/00_missing_map.csv,13aa232ae242,M1 previo · scorecard/
scorecard/outputs/tables/00_versions.csv,d7feec757053,M1 previo · scorecard/
scorecard/outputs/tables/01_churn_rates.csv,034831bc58d6,M1 previo · scorecard/
scorecard/outputs/tables/01_excluded.csv,fd5b5dbd9a39,M1 previo · scorecard/
scorecard/outputs/tables/01_partial_loss.csv,73689b07f2a8,M1 previo · scorecard/
scorecard/outputs/tables/01_value_concentration.csv,f42f3c3e76f5,M1 previo · scorecard/
scorecard/outputs/tables/02_data_dictionary.csv,723085a7146c,M1 previo · scorecard/
scorecard/outputs/tables/02_dictionary_summary.csv,59f8bff66620,M1 previo · scorecard/
scorecard/outputs/tables/03_history_tenure_diff.csv,e5febc70cb0a,M1 previo · scorecard/
scorecard/outputs/tables/03_logic_checks.csv,42b7b98926a5,M1 previo · scorecard/
scorecard/outputs/tables/03_missing_explained.csv,b3e37454a76a,M1 previo · scorecard/
scorecard/outputs/tables/03_numeric_profile.csv,ea686a84eb1f,M1 previo · scorecard/
scorecard/outputs/tables/03_range_checks.csv,ee5098821d2e,M1 previo · scorecard/
scorecard/outputs/tables/03_top15_households.csv,0af30ea0236a,M1 previo · scorecard/
scorecard/outputs/tables/03_value_outliers.csv,8218b5928fa7,M1 previo · scorecard/
scorecard/outputs/tables/04_balance.csv,08b2e1fafd47,M1 previo · scorecard/
scorecard/outputs/tables/04_cv_folds.csv,3e52c06197fa,M1 previo · scorecard/
scorecard/outputs/tables/04_split.csv,4e41adf7486a,M1 previo · scorecard/
scorecard/outputs/tables/05_feature_map.csv,0e4d6d98ead4,M1 previo · scorecard/
scorecard/outputs/tables/05_feature_type_map.csv,1f2ae3afff28,M1 previo · scorecard/
scorecard/outputs/tables/05_missing_reasons.csv,332f921e9745,M1 previo · scorecard/
scorecard/outputs/tables/05_signal_count_comparison.csv,5e3cbb5d2e15,M1 previo · scorecard/
scorecard/outputs/tables/06_rate_by_decile.csv,e633bc852423,M1 previo · scorecard/
scorecard/outputs/tables/06_sign_discrepancies.csv,9bedd2f03a7e,M1 previo · scorecard/
scorecard/outputs/tables/06_univariate.csv,bb74d22bd07c,M1 previo · scorecard/
scorecard/outputs/tables/07_cluster_profile.csv,09b94d90dc92,M1 previo · scorecard/
scorecard/outputs/tables/07_cluster_x_segment.csv,43625bdbfb77,M1 previo · scorecard/
scorecard/outputs/tables/07_k_selection.csv,248803c28eb7,M1 previo · scorecard/
scorecard/outputs/tables/08_high_corr_pairs.csv,8749abf96a0b,M1 previo · scorecard/
scorecard/outputs/tables/08_pca_dominant.csv,9216e94bc012,M1 previo · scorecard/
scorecard/outputs/tables/08_pca_loadings.csv,de7885f881d7,M1 previo · scorecard/
scorecard/outputs/tables/08_pca_variance.csv,758101109c11,M1 previo · scorecard/
scorecard/outputs/tables/08_spearman.csv,676f2f4d94fb,M1 previo · scorecard/
scorecard/outputs/tables/08_vif.csv,787242423294,M1 previo · scorecard/
scorecard/outputs/tables/09_iv_summary.csv,0519bd20b556,M1 previo · scorecard/
scorecard/outputs/tables/09_unstable_merges.csv,d05eca5db9e6,M1 previo · scorecard/
scorecard/outputs/tables/09_woe_iv.csv,6de5790e99dd,M1 previo · scorecard/
scorecard/outputs/tables/10_age_proxy.csv,6e4854408c05,M1 previo · scorecard/
scorecard/outputs/tables/10_final_vars.csv,8e91e79564dd,M1 previo · scorecard/
scorecard/outputs/tables/10_lasso_path.csv,356479b7dc6c,M1 previo · scorecard/
scorecard/outputs/tables/10_lasso_selection.csv,edca13ed132b,M1 previo · scorecard/
scorecard/outputs/tables/10_performance_by_stage.csv,7317adf5b6fd,M1 previo · scorecard/
scorecard/outputs/tables/10_regulatory_review.csv,10bae31dbb65,M1 previo · scorecard/
scorecard/outputs/tables/10_selection_funnel.csv,0afa5b616c62,M1 previo · scorecard/
scorecard/outputs/tables/10_var_clusters.csv,710e97e36095,M1 previo · scorecard/
scorecard/outputs/tables/10_vif_drops.csv,bfea89230d50,M1 previo · scorecard/
scorecard/outputs/tables/10_vif_woe.csv,ac38f0572aaf,M1 previo · scorecard/
scorecard/outputs/tables/11_backward_elimination.csv,e08871503ebb,M1 previo · scorecard/
scorecard/outputs/tables/11_champion_rule.csv,90c76b7710ce,M1 previo · scorecard/
scorecard/outputs/tables/11_cv_optimism.csv,30d23f3ab0d3,M1 previo · scorecard/
scorecard/outputs/tables/11_interaction_test.csv,9475ba3a8e09,M1 previo · scorecard/
scorecard/outputs/tables/11_lite_forward.csv,e3f8130b51de,M1 previo · scorecard/
scorecard/outputs/tables/11_lite_rule.csv,908549d454ca,M1 previo · scorecard/
scorecard/outputs/tables/11_modelA2_robustness.csv,d71f2c8ad67a,M1 previo · scorecard/
scorecard/outputs/tables/11_modelA_coefficients.csv,e484b42a4eef,M1 previo · scorecard/
scorecard/outputs/tables/11_modelAlite_coefficients.csv,99ea15d92d3d,M1 previo · scorecard/
scorecard/outputs/tables/11_modelB_importance.csv,2c7181ae0bc3,M1 previo · scorecard/
scorecard/outputs/tables/11_model_comparison.csv,65b912b93050,M1 previo · scorecard/
scorecard/outputs/tables/12_master_scale_a_desarrollo_hogares.csv,1fc5d230a92f,M1 previo · scorecard/
scorecard/outputs/tables/12_master_scale_a_desarrollo_valor.csv,e6ddd075374b,M1 previo · scorecard/
scorecard/outputs/tables/12_master_scale_a_holdout_hogares.csv,e193ce25f9f1,M1 previo · scorecard/
scorecard/outputs/tables/12_master_scale_a_holdout_valor.csv,f5434b02c643,M1 previo · scorecard/
scorecard/outputs/tables/12_master_scale_alite_desarrollo_hogares.csv,b3962387aaba,M1 previo · scorecard/
scorecard/outputs/tables/12_master_scale_alite_desarrollo_valor.csv,c21e93062e20,M1 previo · scorecard/
scorecard/outputs/tables/12_master_scale_alite_holdout_hogares.csv,abddb45eec03,M1 previo · scorecard/
scorecard/outputs/tables/12_master_scale_alite_holdout_valor.csv,d8c16f16af40,M1 previo · scorecard/
scorecard/outputs/tables/12_overrides_a.csv,843fa34b4441,M1 previo · scorecard/
scorecard/outputs/tables/12_overrides_alite.csv,65d925b66721,M1 previo · scorecard/
scorecard/outputs/tables/12_scaling_params.csv,68cddcfb2ed2,M1 previo · scorecard/
scorecard/outputs/tables/12_scorecard_lookup.csv,375e5facdeec,M1 previo · scorecard/
scorecard/outputs/tables/12_scorecard_lookup_alite.csv,36c642712ff6,M1 previo · scorecard/
scorecard/outputs/tables/12_tramo_grid_a.csv,3098a116a3d3,M1 previo · scorecard/
scorecard/outputs/tables/12_tramo_grid_alite.csv,c08a7f34a4e2,M1 previo · scorecard/
scorecard/outputs/tables/13_approval_criteria.csv,a6c4fd057afa,M1 previo · scorecard/
scorecard/outputs/tables/13_benchmark_comparison.csv,c26884ced05f,M1 previo · scorecard/
scorecard/outputs/tables/13_by_segment.csv,48332ef34569,M1 previo · scorecard/
scorecard/outputs/tables/13_deciles_a.csv,396f3589107d,M1 previo · scorecard/
scorecard/outputs/tables/13_deciles_alite.csv,ad1d573f3183,M1 previo · scorecard/
scorecard/outputs/tables/13_false_positives.csv,96767f83a86c,M1 previo · scorecard/
scorecard/outputs/tables/13_holdout_metrics.csv,a714e51dc3a5,M1 previo · scorecard/
scorecard/outputs/tables/14_layer1_deciles.csv,d474ecfba6ed,M1 previo · scorecard/
scorecard/outputs/tables/14_layer1_model.csv,ec811e0fd347,M1 previo · scorecard/
scorecard/outputs/tables/14_layer2_tramo.csv,2022b5605dae,M1 previo · scorecard/
scorecard/outputs/tables/14_layer3_logrv_interaction.csv,04f89ed2252f,M1 previo · scorecard/
scorecard/outputs/tables/14_layer3_segment.csv,63701bf400dd,M1 previo · scorecard/
scorecard/outputs/tables/14_layer3_value_quintile.csv,886585f288cb,M1 previo · scorecard/
scorecard/outputs/tables/14_layer3_value_tramo.csv,aff2ab0c02e7,M1 previo · scorecard/
scorecard/outputs/tables/14_layer4_overrides.csv,802a9af95329,M1 previo · scorecard/
scorecard/outputs/tables/15_coef_bootstrap.csv,71a03a953cae,M1 previo · scorecard/
scorecard/outputs/tables/15_metrics_by_band.csv,613d4a2ed2cf,M1 previo · scorecard/
scorecard/outputs/tables/15_psi.csv,f9f725e43314,M1 previo · scorecard/
scorecard/outputs/tables/15_rebinning_sensitivity.csv,d3ee93318ca8,M1 previo · scorecard/
scorecard/outputs/tables/16_archetype_centroids_lift.csv,67ba5fe24587,M1 previo · scorecard/
scorecard/outputs/tables/16_archetype_detection.csv,6d1fc4f73210,M1 previo · scorecard/
scorecard/outputs/tables/16_archetype_k.csv,43f718857755,M1 previo · scorecard/
scorecard/outputs/tables/16_archetype_mix.csv,4258f0c54410,M1 previo · scorecard/
scorecard/outputs/tables/16_archetypes.csv,649b39735a6e,M1 previo · scorecard/
scorecard/outputs/tables/16_ews_spec.csv,7d7cfac5455c,M1 previo · scorecard/
scorecard/outputs/tables/16_migration_matrix_design.csv,7c8d64dac86c,M1 previo · scorecard/
scorecard/outputs/tables/16_playbook.csv,6f2c4cb1e82f,M1 previo · scorecard/
scorecard/outputs/tables/16_tramo_x_archetype.csv,faac6b3495d4,M1 previo · scorecard/
scorecard/outputs/tables/17_governance_triggers.csv,f2ce5c03944e,M1 previo · scorecard/
scorecard/outputs/tables/17_kpi_baseline.csv,082a04ff6739,M1 previo · scorecard/
