opción,RV capturado @1%,RV capturado @5%,RV capturado @10%,RV capturado @20%,RV capturado @28%,eventos @1%,eventos @5%,eventos @10%,eventos @20%,eventos @28%
"política · EBM (tramo, luego p×RV)",12.903224475426457,33.2518297653496,47.95650998143368,54.78249460473914,68.23242361202003,5.47945205479452,18.181818181818183,27.521793275217934,41.84308841843088,52.30386052303861
"política · M1 (tramo, luego p×RV)",12.00356379100048,33.45627078881973,48.945715177224685,57.279669633933224,59.35645936728809,4.85678704856787,19.302615193026153,27.770859277708592,42.96388542963886,53.17559153175591
política · M1 + alerta EBM (c),12.00356379100048,32.86349466353094,48.94571517722469,57.279669633933224,59.35645936728809,4.85678704856787,19.17808219178082,27.770859277708592,42.96388542963886,53.17559153175591
política · M1 tramo + orden EBM (b),12.323623190142884,31.41427587858497,49.401671309833844,57.43293657037153,59.356459367288075,5.23038605230386,18.80448318804483,28.642590286425904,43.46201743462017,53.17559153175591
probabilidad · EBM (p global),5.511294157162717,17.578174253283485,26.67294940961362,45.54364127361184,53.18324040514253,5.47945205479452,18.181818181818183,28.767123287671232,43.71108343711084,52.42839352428393
probabilidad · M1 (p global),4.884724745035676,17.599202199333604,25.842911127861957,42.37465745210562,49.8299434205557,4.60772104607721,18.555417185554173,27.895392278953924,43.212951432129515,52.30386052303861
valor · EBM (p×RV global),22.40598143928246,45.32520732655476,60.908395945573176,72.68965477740208,79.7041526451537,3.4869240348692405,11.581569115815691,21.046077210460773,33.37484433374844,42.092154420921545
valor · M1 (p×RV global),23.948760862698613,44.36092064565945,58.76203661064578,71.98675035378277,79.22394802419537,2.9887920298879203,10.336239103362391,18.306351183063512,31.257783312577832,40.2241594022416
valor · promedio M1/EBM,21.47353039483916,46.054316504896065,59.97489612601701,72.50787600011842,79.77741367620344,2.86425902864259,11.332503113325032,19.42714819427148,32.378580323785805,41.220423412204234
