modelo,quintil RV,hogares,p media %,tasa %,Σ p·RV / Σ RV eventos
EBM,Q1 (menor),2697,13.935310228720525,14.163885799035967,0.9850091456319121
EBM,Q2,2696,13.489252053367847,13.501483679525222,0.9949935469918829
EBM,Q3,2696,14.216398537767628,13.612759643916913,1.0452776922681646
EBM,Q4,2696,13.746852963979132,13.316023738872405,1.0396345853830713
EBM,Q5 (mayor),2697,14.000933900096374,14.794215795328142,0.8506662736180807
XGBoost,Q1 (menor),2697,13.999222836504993,14.163885799035967,0.9889108087916367
XGBoost,Q2,2696,13.581875827913088,13.501483679525222,1.001490941287252
XGBoost,Q3,2696,14.201506145988857,13.612759643916913,1.0440879671684553
XGBoost,Q4,2696,13.832317747166933,13.316023738872405,1.045994296726165
XGBoost,Q5 (mayor),2697,13.773885636622673,14.794215795328142,0.8231120837671312
