modelo,tramo,% hogares,eventos B,tasa B %,tasa A %
A-lite,Crítico,3.223949337938975,29,51.78571428571429,32.142857142857146
A-lite,Alto,10.189982728842832,40,22.598870056497177,13.559322033898304
A-lite,Vigilancia,51.64075993091537,120,13.377926421404682,5.2396878483835
A-lite,Estable,34.94530800230282,49,8.072487644151565,2.800658978583196
M1,Crítico,4.432930339666091,39,50.649350649350644,32.467532467532465
M1,Alto,23.776626367299944,81,19.612590799031477,7.990314769975787
M1,Vigilancia,45.99884858952216,86,10.763454317897372,4.755944931163955
M1,Estable,25.7915947035118,32,7.142857142857142,2.232142857142857
EBM,Crítico,4.720782959124928,39,47.5609756097561,31.70731707317073
EBM,Alto,21.070811744386873,65,17.759562841530055,7.650273224043716
EBM,Vigilancia,52.10132412204951,104,11.491712707182321,4.972375690607735
EBM,Estable,22.107081174438687,30,7.8125,1.8229166666666667
