modelo,subconjunto,segmento,% hogares marcados,hogares marcados,alertas por mes (muestra),alertas por mes (equivalente cartera),churners capturados,captura %,precisión %,churners por 100 alertas,captura RV de churners %
EBM (champion),test ∩ holdout A-lite,pooled,0.5,9,1.5,,3,2.830188679245283,33.33333333333333,33.33333333333333,3.808777627531571
EBM (champion),test ∩ holdout A-lite,pooled,1.0,18,3.0,,6,5.660377358490566,33.33333333333333,33.33333333333333,4.740583253433497
EBM (champion),test ∩ holdout A-lite,pooled,2.0,35,5.833333333333333,,12,11.320754716981131,34.285714285714285,34.285714285714285,9.048967951083048
EBM (champion),test ∩ holdout A-lite,pooled,3.0,53,8.833333333333334,,16,15.09433962264151,30.18867924528302,30.18867924528302,11.115214631812956
EBM (champion),test ∩ holdout A-lite,pooled,5.0,88,14.666666666666666,,28,26.41509433962264,31.818181818181817,31.818181818181817,22.264234692195384
EBM (champion),test ∩ holdout A-lite,pooled,7.5,132,22.0,,33,31.132075471698112,25.0,25.0,29.214114878966846
EBM (champion),test ∩ holdout A-lite,pooled,10.0,176,29.333333333333332,,37,34.905660377358494,21.022727272727273,21.022727272727273,30.32636388927994
EBM (champion),test ∩ holdout A-lite,pooled,15.0,265,44.166666666666664,,44,41.509433962264154,16.60377358490566,16.60377358490566,40.04093357368519
EBM (champion),test ∩ holdout A-lite,pooled,20.0,353,58.833333333333336,,49,46.22641509433962,13.881019830028329,13.881019830028329,44.825441935733465
EBM (champion),test ∩ holdout A-lite,pooled,30.0,529,88.16666666666667,,62,58.490566037735846,11.720226843100189,11.720226843100189,58.6835322764546
EBM (champion),test ∩ holdout A-lite,UHNW,0.5,0,0.0,,0,0.0,,,0.0
EBM (champion),test ∩ holdout A-lite,UHNW,1.0,1,0.16666666666666666,,0,0.0,0.0,0.0,0.0
EBM (champion),test ∩ holdout A-lite,UHNW,2.0,2,0.3333333333333333,,1,14.285714285714286,50.0,50.0,17.082050151331142
EBM (champion),test ∩ holdout A-lite,UHNW,3.0,3,0.5,,1,14.285714285714286,33.33333333333333,33.33333333333333,17.082050151331142
EBM (champion),test ∩ holdout A-lite,UHNW,5.0,5,0.8333333333333334,,1,14.285714285714286,20.0,20.0,17.082050151331142
EBM (champion),test ∩ holdout A-lite,UHNW,7.5,7,1.1666666666666667,,1,14.285714285714286,14.285714285714285,14.285714285714285,17.082050151331142
EBM (champion),test ∩ holdout A-lite,UHNW,10.0,9,1.5,,2,28.571428571428573,22.22222222222222,22.22222222222222,30.282465304769918
EBM (champion),test ∩ holdout A-lite,UHNW,15.0,14,2.3333333333333335,,2,28.571428571428573,14.285714285714285,14.285714285714285,30.282465304769918
EBM (champion),test ∩ holdout A-lite,UHNW,20.0,19,3.1666666666666665,,3,42.857142857142854,15.789473684210526,15.789473684210526,39.39112051245142
EBM (champion),test ∩ holdout A-lite,UHNW,30.0,28,4.666666666666667,,4,57.142857142857146,14.285714285714285,14.285714285714285,52.93708877439415
EBM (champion),test completo,pooled,0.5,29,4.833333333333333,16.110835330366314,15,4.273504273504273,51.724137931034484,51.724137931034484,5.142547483033915
EBM (champion),test completo,pooled,1.0,58,9.666666666666666,32.22167066073263,27,7.6923076923076925,46.55172413793103,46.55172413793103,9.079627174760045
EBM (champion),test completo,pooled,2.0,117,19.5,64.99888736733995,48,13.675213675213675,41.02564102564102,41.02564102564102,22.015862756182113
EBM (champion),test completo,pooled,3.0,175,29.166666666666668,97.22055802807257,66,18.803418803418804,37.714285714285715,37.714285714285715,24.62218363109247
EBM (champion),test completo,pooled,5.0,292,48.666666666666664,162.21944539541252,90,25.641025641025642,30.82191780821918,30.82191780821918,31.415885648947352
EBM (champion),test completo,pooled,7.5,438,73.0,243.3291680931188,112,31.90883190883191,25.570776255707763,25.570776255707763,38.708353934664366
EBM (champion),test completo,pooled,10.0,584,97.33333333333333,324.43889079082504,131,37.32193732193732,22.43150684931507,22.43150684931507,43.54775497368613
EBM (champion),test completo,pooled,15.0,876,146.0,486.6583361862376,162,46.15384615384615,18.493150684931507,18.493150684931507,50.31700876409519
EBM (champion),test completo,pooled,20.0,1168,194.66666666666666,648.8777815816501,179,50.997150997150996,15.325342465753424,15.325342465753424,55.164689421905756
EBM (champion),test completo,pooled,30.0,1753,292.1666666666667,973.8722184183499,224,63.81766381766382,12.7780946948089,12.7780946948089,68.12804586908936
EBM (champion),test completo,UHNW,0.5,2,0.3333333333333333,1.111092091749401,2,8.333333333333334,100.0,100.0,4.929838549507838
EBM (champion),test completo,UHNW,1.0,3,0.5,1.6666381376241013,3,12.5,100.0,100.0,7.346810373232699
EBM (champion),test completo,UHNW,2.0,6,1.0,3.3332762752482026,5,20.833333333333332,83.33333333333334,83.33333333333334,15.959182268728188
EBM (champion),test completo,UHNW,3.0,10,1.6666666666666667,5.555460458747005,6,25.0,60.0,60.0,29.148748309613822
EBM (champion),test completo,UHNW,5.0,16,2.6666666666666665,8.888736733995207,7,29.166666666666668,43.75,43.75,34.12954067519625
EBM (champion),test completo,UHNW,7.5,24,4.0,13.33310510099281,10,41.666666666666664,41.66666666666667,41.66666666666667,45.94663365225553
EBM (champion),test completo,UHNW,10.0,32,5.333333333333333,17.777473467990415,11,45.833333333333336,34.375,34.375,48.11821542781216
EBM (champion),test completo,UHNW,15.0,49,8.166666666666666,27.221756247860323,12,50.0,24.489795918367346,24.489795918367346,50.77412147639657
EBM (champion),test completo,UHNW,20.0,65,10.833333333333334,36.11049298185553,13,54.166666666666664,20.0,20.0,55.15063855567894
EBM (champion),test completo,UHNW,30.0,98,16.333333333333332,54.44351249572065,15,62.5,15.306122448979592,15.306122448979592,68.34412522420565
NAM (challenger),test ∩ holdout A-lite,pooled,0.5,9,1.5,,4,3.7735849056603774,44.44444444444444,44.44444444444444,3.9292380757833163
NAM (challenger),test ∩ holdout A-lite,pooled,1.0,18,3.0,,7,6.60377358490566,38.88888888888889,38.88888888888889,5.444824620826442
NAM (challenger),test ∩ holdout A-lite,pooled,2.0,35,5.833333333333333,,12,11.320754716981131,34.285714285714285,34.285714285714285,7.8482474747382795
NAM (challenger),test ∩ holdout A-lite,pooled,3.0,53,8.833333333333334,,17,16.037735849056602,32.075471698113205,32.075471698113205,12.565438721709786
NAM (challenger),test ∩ holdout A-lite,pooled,5.0,88,14.666666666666666,,25,23.58490566037736,28.40909090909091,28.40909090909091,21.579281936599838
NAM (challenger),test ∩ holdout A-lite,pooled,7.5,132,22.0,,32,30.18867924528302,24.242424242424242,24.242424242424242,23.5379221633715
NAM (challenger),test ∩ holdout A-lite,pooled,10.0,176,29.333333333333332,,34,32.075471698113205,19.318181818181817,19.318181818181817,29.334396038053864
NAM (challenger),test ∩ holdout A-lite,pooled,15.0,265,44.166666666666664,,43,40.56603773584906,16.22641509433962,16.22641509433962,38.83489059977883
NAM (challenger),test ∩ holdout A-lite,pooled,20.0,353,58.833333333333336,,53,50.0,15.01416430594901,15.01416430594901,51.50679473091281
NAM (challenger),test ∩ holdout A-lite,pooled,30.0,529,88.16666666666667,,65,61.320754716981135,12.287334593572778,12.287334593572778,63.42236650655029
NAM (challenger),test ∩ holdout A-lite,UHNW,0.5,0,0.0,,0,0.0,,,0.0
NAM (challenger),test ∩ holdout A-lite,UHNW,1.0,1,0.16666666666666666,,0,0.0,0.0,0.0,0.0
NAM (challenger),test ∩ holdout A-lite,UHNW,2.0,2,0.3333333333333333,,0,0.0,0.0,0.0,0.0
NAM (challenger),test ∩ holdout A-lite,UHNW,3.0,3,0.5,,0,0.0,0.0,0.0,0.0
NAM (challenger),test ∩ holdout A-lite,UHNW,5.0,5,0.8333333333333334,,1,14.285714285714286,20.0,20.0,17.082050151331142
NAM (challenger),test ∩ holdout A-lite,UHNW,7.5,7,1.1666666666666667,,1,14.285714285714286,14.285714285714285,14.285714285714285,17.082050151331142
NAM (challenger),test ∩ holdout A-lite,UHNW,10.0,9,1.5,,1,14.285714285714286,11.11111111111111,11.11111111111111,17.082050151331142
NAM (challenger),test ∩ holdout A-lite,UHNW,15.0,14,2.3333333333333335,,2,28.571428571428573,14.285714285714285,14.285714285714285,30.282465304769918
NAM (challenger),test ∩ holdout A-lite,UHNW,20.0,19,3.1666666666666665,,4,57.142857142857146,21.052631578947366,21.052631578947366,52.93708877439415
NAM (challenger),test ∩ holdout A-lite,UHNW,30.0,28,4.666666666666667,,5,71.42857142857143,17.857142857142858,17.857142857142858,63.54041344534936
NAM (challenger),test completo,pooled,0.5,29,4.833333333333333,16.110835330366314,17,4.843304843304844,58.620689655172406,58.620689655172406,8.938278608838791
NAM (challenger),test completo,pooled,1.0,58,9.666666666666666,32.22167066073263,27,7.6923076923076925,46.55172413793103,46.55172413793103,12.227666718826342
NAM (challenger),test completo,pooled,2.0,117,19.5,64.99888736733995,50,14.245014245014245,42.73504273504273,42.73504273504273,21.908034268384444
NAM (challenger),test completo,pooled,3.0,175,29.166666666666668,97.22055802807257,66,18.803418803418804,37.714285714285715,37.714285714285715,25.100734460840933
NAM (challenger),test completo,pooled,5.0,292,48.666666666666664,162.21944539541252,85,24.216524216524217,29.10958904109589,29.10958904109589,31.413600392022254
NAM (challenger),test completo,pooled,7.5,438,73.0,243.3291680931188,111,31.623931623931625,25.34246575342466,25.34246575342466,36.69858755108689
NAM (challenger),test completo,pooled,10.0,584,97.33333333333333,324.43889079082504,129,36.75213675213675,22.089041095890412,22.089041095890412,41.09973804097762
NAM (challenger),test completo,pooled,15.0,876,146.0,486.6583361862376,157,44.72934472934473,17.922374429223744,17.922374429223744,48.63450625270908
NAM (challenger),test completo,pooled,20.0,1168,194.66666666666666,648.8777815816501,182,51.851851851851855,15.582191780821919,15.582191780821919,56.16231825670378
NAM (challenger),test completo,pooled,30.0,1753,292.1666666666667,973.8722184183499,220,62.67806267806268,12.549914432401597,12.549914432401597,67.93364020845183
NAM (challenger),test completo,UHNW,0.5,2,0.3333333333333333,1.111092091749401,2,8.333333333333334,100.0,100.0,6.150514921794912
NAM (challenger),test completo,UHNW,1.0,3,0.5,1.6666381376241013,3,12.5,100.0,100.0,11.057855360288086
NAM (challenger),test completo,UHNW,2.0,6,1.0,3.3332762752482026,5,20.833333333333332,83.33333333333334,83.33333333333334,15.959182268728188
NAM (challenger),test completo,UHNW,3.0,10,1.6666666666666667,5.555460458747005,6,25.0,60.0,60.0,29.148748309613822
NAM (challenger),test completo,UHNW,5.0,16,2.6666666666666665,8.888736733995207,8,33.333333333333336,50.0,50.0,38.68297552231558
NAM (challenger),test completo,UHNW,7.5,24,4.0,13.33310510099281,8,33.333333333333336,33.33333333333333,33.33333333333333,38.68297552231558
NAM (challenger),test completo,UHNW,10.0,32,5.333333333333333,17.777473467990415,9,37.5,28.125,28.125,42.5319588958741
NAM (challenger),test completo,UHNW,15.0,49,8.166666666666666,27.221756247860323,12,50.0,24.489795918367346,24.489795918367346,50.77412147639657
NAM (challenger),test completo,UHNW,20.0,65,10.833333333333334,36.11049298185553,13,54.166666666666664,20.0,20.0,54.72386139085576
NAM (challenger),test completo,UHNW,30.0,98,16.333333333333332,54.44351249572065,16,66.66666666666667,16.3265306122449,16.3265306122449,71.43584771085166
A-lite (congelado),test ∩ holdout A-lite,pooled,0.5,9,1.5,,2,1.8867924528301887,22.22222222222222,22.22222222222222,2.400052987123518
A-lite (congelado),test ∩ holdout A-lite,pooled,1.0,18,3.0,,4,3.7735849056603774,22.22222222222222,22.22222222222222,2.9682390867917725
A-lite (congelado),test ∩ holdout A-lite,pooled,2.0,35,5.833333333333333,,10,9.433962264150944,28.57142857142857,28.57142857142857,8.671750914014325
A-lite (congelado),test ∩ holdout A-lite,pooled,3.0,53,8.833333333333334,,15,14.150943396226415,28.30188679245283,28.30188679245283,15.009654288240824
A-lite (congelado),test ∩ holdout A-lite,pooled,5.0,88,14.666666666666666,,22,20.754716981132077,25.0,25.0,18.419515727779828
A-lite (congelado),test ∩ holdout A-lite,pooled,7.5,132,22.0,,32,30.18867924528302,24.242424242424242,24.242424242424242,28.467029809623902
A-lite (congelado),test ∩ holdout A-lite,pooled,10.0,176,29.333333333333332,,37,34.905660377358494,21.022727272727273,21.022727272727273,36.43511984370528
A-lite (congelado),test ∩ holdout A-lite,pooled,15.0,265,44.166666666666664,,39,36.79245283018868,14.716981132075471,14.716981132075471,36.69868312062235
A-lite (congelado),test ∩ holdout A-lite,pooled,20.0,353,58.833333333333336,,47,44.339622641509436,13.314447592067987,13.314447592067987,44.73601163735356
A-lite (congelado),test ∩ holdout A-lite,pooled,30.0,529,88.16666666666667,,55,51.886792452830186,10.396975425330812,10.396975425330812,55.805903555051884
A-lite (congelado),test ∩ holdout A-lite,UHNW,0.5,0,0.0,,0,0.0,,,0.0
A-lite (congelado),test ∩ holdout A-lite,UHNW,1.0,1,0.16666666666666666,,0,0.0,0.0,0.0,0.0
A-lite (congelado),test ∩ holdout A-lite,UHNW,2.0,2,0.3333333333333333,,1,14.285714285714286,50.0,50.0,9.108655207681505
A-lite (congelado),test ∩ holdout A-lite,UHNW,3.0,3,0.5,,1,14.285714285714286,33.33333333333333,33.33333333333333,9.108655207681505
A-lite (congelado),test ∩ holdout A-lite,UHNW,5.0,5,0.8333333333333334,,1,14.285714285714286,20.0,20.0,9.108655207681505
A-lite (congelado),test ∩ holdout A-lite,UHNW,7.5,7,1.1666666666666667,,1,14.285714285714286,14.285714285714285,14.285714285714285,9.108655207681505
A-lite (congelado),test ∩ holdout A-lite,UHNW,10.0,9,1.5,,2,28.571428571428573,22.22222222222222,22.22222222222222,26.19070535901265
A-lite (congelado),test ∩ holdout A-lite,UHNW,15.0,14,2.3333333333333335,,3,42.857142857142854,21.428571428571427,21.428571428571427,36.79403002996786
A-lite (congelado),test ∩ holdout A-lite,UHNW,20.0,19,3.1666666666666665,,3,42.857142857142854,15.789473684210526,15.789473684210526,36.79403002996786
A-lite (congelado),test ∩ holdout A-lite,UHNW,30.0,28,4.666666666666667,,4,57.142857142857146,14.285714285714285,14.285714285714285,49.99444518340663
